PRAGMA foreign_keys=OFF;
BEGIN TRANSACTION;
CREATE TABLE "auth_permission" (
    "id" integer NOT NULL PRIMARY KEY,
    "name" varchar(50) NOT NULL,
    "content_type_id" integer NOT NULL,
    "codename" varchar(100) NOT NULL,
    UNIQUE ("content_type_id", "codename")
);
INSERT INTO "auth_permission" VALUES(1,'Can add permission',1,'add_permission');
INSERT INTO "auth_permission" VALUES(2,'Can change permission',1,'change_permission');
INSERT INTO "auth_permission" VALUES(3,'Can delete permission',1,'delete_permission');
INSERT INTO "auth_permission" VALUES(4,'Can add group',2,'add_group');
INSERT INTO "auth_permission" VALUES(5,'Can change group',2,'change_group');
INSERT INTO "auth_permission" VALUES(6,'Can delete group',2,'delete_group');
INSERT INTO "auth_permission" VALUES(7,'Can add user',3,'add_user');
INSERT INTO "auth_permission" VALUES(8,'Can change user',3,'change_user');
INSERT INTO "auth_permission" VALUES(9,'Can delete user',3,'delete_user');
INSERT INTO "auth_permission" VALUES(10,'Can add content type',4,'add_contenttype');
INSERT INTO "auth_permission" VALUES(11,'Can change content type',4,'change_contenttype');
INSERT INTO "auth_permission" VALUES(12,'Can delete content type',4,'delete_contenttype');
INSERT INTO "auth_permission" VALUES(13,'Can add session',5,'add_session');
INSERT INTO "auth_permission" VALUES(14,'Can change session',5,'change_session');
INSERT INTO "auth_permission" VALUES(15,'Can delete session',5,'delete_session');
INSERT INTO "auth_permission" VALUES(16,'Can add site',6,'add_site');
INSERT INTO "auth_permission" VALUES(17,'Can change site',6,'change_site');
INSERT INTO "auth_permission" VALUES(18,'Can delete site',6,'delete_site');
INSERT INTO "auth_permission" VALUES(19,'Can add comment',7,'add_comment');
INSERT INTO "auth_permission" VALUES(20,'Can change comment',7,'change_comment');
INSERT INTO "auth_permission" VALUES(21,'Can delete comment',7,'delete_comment');
INSERT INTO "auth_permission" VALUES(22,'Can moderate comments',7,'can_moderate');
INSERT INTO "auth_permission" VALUES(23,'Can add comment flag',8,'add_commentflag');
INSERT INTO "auth_permission" VALUES(24,'Can change comment flag',8,'change_commentflag');
INSERT INTO "auth_permission" VALUES(25,'Can delete comment flag',8,'delete_commentflag');
INSERT INTO "auth_permission" VALUES(26,'Can add log entry',9,'add_logentry');
INSERT INTO "auth_permission" VALUES(27,'Can change log entry',9,'change_logentry');
INSERT INTO "auth_permission" VALUES(28,'Can delete log entry',9,'delete_logentry');
INSERT INTO "auth_permission" VALUES(29,'Can add msg',10,'add_msg');
INSERT INTO "auth_permission" VALUES(30,'Can change msg',10,'change_msg');
INSERT INTO "auth_permission" VALUES(31,'Can delete msg',10,'delete_msg');
INSERT INTO "auth_permission" VALUES(32,'Can add model file',11,'add_modelfile');
INSERT INTO "auth_permission" VALUES(33,'Can change model file',11,'change_modelfile');
INSERT INTO "auth_permission" VALUES(34,'Can delete model file',11,'delete_modelfile');
INSERT INTO "auth_permission" VALUES(35,'Can add model type',12,'add_modeltype');
INSERT INTO "auth_permission" VALUES(36,'Can change model type',12,'change_modeltype');
INSERT INTO "auth_permission" VALUES(37,'Can delete model type',12,'delete_modeltype');
INSERT INTO "auth_permission" VALUES(38,'Can add model data',13,'add_modeldata');
INSERT INTO "auth_permission" VALUES(39,'Can change model data',13,'change_modeldata');
INSERT INTO "auth_permission" VALUES(40,'Can delete model data',13,'delete_modeldata');
INSERT INTO "auth_permission" VALUES(41,'Can add scene data',14,'add_scenedata');
INSERT INTO "auth_permission" VALUES(42,'Can change scene data',14,'change_scenedata');
INSERT INTO "auth_permission" VALUES(43,'Can delete scene data',14,'delete_scenedata');
INSERT INTO "auth_permission" VALUES(44,'Can add scene draft',15,'add_scenedraft');
INSERT INTO "auth_permission" VALUES(45,'Can change scene draft',15,'change_scenedraft');
INSERT INTO "auth_permission" VALUES(46,'Can delete scene draft',15,'delete_scenedraft');
CREATE TABLE "auth_group_permissions" (
    "id" integer NOT NULL PRIMARY KEY,
    "group_id" integer NOT NULL,
    "permission_id" integer NOT NULL REFERENCES "auth_permission" ("id"),
    UNIQUE ("group_id", "permission_id")
);
CREATE TABLE "auth_group" (
    "id" integer NOT NULL PRIMARY KEY,
    "name" varchar(80) NOT NULL UNIQUE
);
CREATE TABLE "auth_user_groups" (
    "id" integer NOT NULL PRIMARY KEY,
    "user_id" integer NOT NULL,
    "group_id" integer NOT NULL REFERENCES "auth_group" ("id"),
    UNIQUE ("user_id", "group_id")
);
CREATE TABLE "auth_user_user_permissions" (
    "id" integer NOT NULL PRIMARY KEY,
    "user_id" integer NOT NULL,
    "permission_id" integer NOT NULL REFERENCES "auth_permission" ("id"),
    UNIQUE ("user_id", "permission_id")
);
CREATE TABLE "auth_user" (
    "id" integer NOT NULL PRIMARY KEY,
    "password" varchar(128) NOT NULL,
    "last_login" datetime NOT NULL,
    "is_superuser" bool NOT NULL,
    "username" varchar(30) NOT NULL UNIQUE,
    "first_name" varchar(30) NOT NULL,
    "last_name" varchar(30) NOT NULL,
    "email" varchar(75) NOT NULL,
    "is_staff" bool NOT NULL,
    "is_active" bool NOT NULL,
    "date_joined" datetime NOT NULL
);
INSERT INTO "auth_user" VALUES(1,'pbkdf2_sha256$10000$QwZzZUVF3wyl$aQV6eF+1Z/vQ57ojHBAaX6svl0ZJrkygLEi7bX+0HWk=','2013-05-21 05:32:20.959276',1,'admin','','','517876024@qq.com',1,1,'2013-03-22 06:12:26');
INSERT INTO "auth_user" VALUES(2,'pbkdf2_sha256$10000$Z1FWG2JmeyA9$bPniwIAk47ztt40sEUwtdAapLojWjTvZF35itx9Nomg=','2013-05-10 01:31:35.491000',0,'qy','','','123@qq.com',0,1,'2013-03-22 06:26:07.990000');
CREATE TABLE "django_content_type" (
    "id" integer NOT NULL PRIMARY KEY,
    "name" varchar(100) NOT NULL,
    "app_label" varchar(100) NOT NULL,
    "model" varchar(100) NOT NULL,
    UNIQUE ("app_label", "model")
);
INSERT INTO "django_content_type" VALUES(1,'permission','auth','permission');
INSERT INTO "django_content_type" VALUES(2,'group','auth','group');
INSERT INTO "django_content_type" VALUES(3,'user','auth','user');
INSERT INTO "django_content_type" VALUES(4,'content type','contenttypes','contenttype');
INSERT INTO "django_content_type" VALUES(5,'session','sessions','session');
INSERT INTO "django_content_type" VALUES(6,'site','sites','site');
INSERT INTO "django_content_type" VALUES(7,'comment','comments','comment');
INSERT INTO "django_content_type" VALUES(8,'comment flag','comments','commentflag');
INSERT INTO "django_content_type" VALUES(9,'log entry','admin','logentry');
INSERT INTO "django_content_type" VALUES(10,'msg','message','msg');
INSERT INTO "django_content_type" VALUES(11,'model file','management','modelfile');
INSERT INTO "django_content_type" VALUES(12,'model type','management','modeltype');
INSERT INTO "django_content_type" VALUES(13,'model data','management','modeldata');
INSERT INTO "django_content_type" VALUES(14,'scene data','scene','scenedata');
INSERT INTO "django_content_type" VALUES(15,'scene draft','scene','scenedraft');
CREATE TABLE "django_session" (
    "session_key" varchar(40) NOT NULL PRIMARY KEY,
    "session_data" text NOT NULL,
    "expire_date" datetime NOT NULL
);
INSERT INTO "django_session" VALUES('fj0tqh4b5rd3uitwj1kzc5gr1ngm7tkn','ZTEwMTg5ZGRlZWM5ODM5NjNmODJlZWVjNDg5ZjE4YTQ2NzFiZWE1YzqAAn1xAShVEl9hdXRoX3VzZXJfYmFja2VuZHECVSlkamFuZ28uY29udHJpYi5hdXRoLmJhY2tlbmRzLk1vZGVsQmFja2VuZHEDVQ1fYXV0aF91c2VyX2lkcQRLAnUu','2013-04-08 05:48:23.180000');
INSERT INTO "django_session" VALUES('s2k0exy0wclosgcv9aaqore623xn6xwi','YzMyOGUwYjYwYzMxNDVhZjM1MWJiYjNhNzAzZWJiOGE3YWFlNDk4OTqAAn1xAS4=','2013-04-09 01:25:07.727000');
INSERT INTO "django_session" VALUES('x4kmpj6r2dr287nk059vpcgug0288ohw','ZTEwMTg5ZGRlZWM5ODM5NjNmODJlZWVjNDg5ZjE4YTQ2NzFiZWE1YzqAAn1xAShVEl9hdXRoX3VzZXJfYmFja2VuZHECVSlkamFuZ28uY29udHJpYi5hdXRoLmJhY2tlbmRzLk1vZGVsQmFja2VuZHEDVQ1fYXV0aF91c2VyX2lkcQRLAnUu','2013-04-09 02:53:00.735000');
INSERT INTO "django_session" VALUES('bih2bum8jzqzuq8wgm7vfgamxzpn3tuj','MmYxYjZlZGRhNmRjMjUzMjcxMDI0ZWFlOGNhNWVlOTNhZGQ2N2Y4YzqAAn1xAShVEl9hdXRoX3VzZXJfYmFja2VuZHECVSlkamFuZ28uY29udHJpYi5hdXRoLmJhY2tlbmRzLk1vZGVsQmFja2VuZHEDVQ1fYXV0aF91c2VyX2lkcQRLAXUu','2013-05-02 01:16:46.693000');
INSERT INTO "django_session" VALUES('re6dbq1t42toc5jxqcqldk09t1m3rmli','ZWYzYWM4OTU5NGMzMTQ0ZmIyMzc4OWNiYTFiYzRjZWMyZWQ0ZDExMzqAAn1xAShYCgAAAHRlc3Rjb29raWVxAlgGAAAAd29ya2VkcQNVDV9hdXRoX3VzZXJfaWRLAVUSX2F1dGhfdXNlcl9iYWNrZW5kVSlkamFuZ28uY29udHJpYi5hdXRoLmJhY2tlbmRzLk1vZGVsQmFja2VuZHUu','2013-05-05 04:55:03.396000');
INSERT INTO "django_session" VALUES('xpvrl129yt4i2a5lxy82h6a4symzlvlg','MmYxYjZlZGRhNmRjMjUzMjcxMDI0ZWFlOGNhNWVlOTNhZGQ2N2Y4YzqAAn1xAShVEl9hdXRoX3VzZXJfYmFja2VuZHECVSlkamFuZ28uY29udHJpYi5hdXRoLmJhY2tlbmRzLk1vZGVsQmFja2VuZHEDVQ1fYXV0aF91c2VyX2lkcQRLAXUu','2013-05-09 07:22:39.799000');
INSERT INTO "django_session" VALUES('767d650033ce0cbba5264fd07ba12d84','MmYxYjZlZGRhNmRjMjUzMjcxMDI0ZWFlOGNhNWVlOTNhZGQ2N2Y4YzqAAn1xAShVEl9hdXRoX3Vz
ZXJfYmFja2VuZHECVSlkamFuZ28uY29udHJpYi5hdXRoLmJhY2tlbmRzLk1vZGVsQmFja2VuZHED
VQ1fYXV0aF91c2VyX2lkcQRLAXUu
','2013-05-09 11:17:48.757493');
INSERT INTO "django_session" VALUES('61425a63ff10fa757a540844d4f4cf15','MmYxYjZlZGRhNmRjMjUzMjcxMDI0ZWFlOGNhNWVlOTNhZGQ2N2Y4YzqAAn1xAShVEl9hdXRoX3Vz
ZXJfYmFja2VuZHECVSlkamFuZ28uY29udHJpYi5hdXRoLmJhY2tlbmRzLk1vZGVsQmFja2VuZHED
VQ1fYXV0aF91c2VyX2lkcQRLAXUu
','2013-05-19 06:45:14.174706');
INSERT INTO "django_session" VALUES('71081077b05f38828c820082575e95fd','MmYxYjZlZGRhNmRjMjUzMjcxMDI0ZWFlOGNhNWVlOTNhZGQ2N2Y4YzqAAn1xAShVEl9hdXRoX3Vz
ZXJfYmFja2VuZHECVSlkamFuZ28uY29udHJpYi5hdXRoLmJhY2tlbmRzLk1vZGVsQmFja2VuZHED
VQ1fYXV0aF91c2VyX2lkcQRLAXUu
','2013-05-21 14:58:22.831528');
INSERT INTO "django_session" VALUES('5yvgvwgwfumj0yim03s2dfkb4kdumtcv','ZTEwMTg5ZGRlZWM5ODM5NjNmODJlZWVjNDg5ZjE4YTQ2NzFiZWE1YzqAAn1xAShVEl9hdXRoX3VzZXJfYmFja2VuZHECVSlkamFuZ28uY29udHJpYi5hdXRoLmJhY2tlbmRzLk1vZGVsQmFja2VuZHEDVQ1fYXV0aF91c2VyX2lkcQRLAnUu','2013-05-22 05:40:43.475000');
INSERT INTO "django_session" VALUES('gx53mr46clhyeth1obqbkal5lfairswa','ZTEwMTg5ZGRlZWM5ODM5NjNmODJlZWVjNDg5ZjE4YTQ2NzFiZWE1YzqAAn1xAShVEl9hdXRoX3VzZXJfYmFja2VuZHECVSlkamFuZ28uY29udHJpYi5hdXRoLmJhY2tlbmRzLk1vZGVsQmFja2VuZHEDVQ1fYXV0aF91c2VyX2lkcQRLAnUu','2013-05-24 01:31:35.601000');
INSERT INTO "django_session" VALUES('c80a29c0ab93a11990ecffd1ab4841ac','MmYxYjZlZGRhNmRjMjUzMjcxMDI0ZWFlOGNhNWVlOTNhZGQ2N2Y4YzqAAn1xAShVEl9hdXRoX3Vz
ZXJfYmFja2VuZHECVSlkamFuZ28uY29udHJpYi5hdXRoLmJhY2tlbmRzLk1vZGVsQmFja2VuZHED
VQ1fYXV0aF91c2VyX2lkcQRLAXUu
','2013-05-25 14:36:11.450537');
INSERT INTO "django_session" VALUES('f2edf4a02f2f34ece4bd18fc03f59972','MmYxYjZlZGRhNmRjMjUzMjcxMDI0ZWFlOGNhNWVlOTNhZGQ2N2Y4YzqAAn1xAShVEl9hdXRoX3Vz
ZXJfYmFja2VuZHECVSlkamFuZ28uY29udHJpYi5hdXRoLmJhY2tlbmRzLk1vZGVsQmFja2VuZHED
VQ1fYXV0aF91c2VyX2lkcQRLAXUu
','2013-05-26 07:25:54.918182');
INSERT INTO "django_session" VALUES('dbc93817137c6ff890d4da677a6d53f6','MmYxYjZlZGRhNmRjMjUzMjcxMDI0ZWFlOGNhNWVlOTNhZGQ2N2Y4YzqAAn1xAShVEl9hdXRoX3Vz
ZXJfYmFja2VuZHECVSlkamFuZ28uY29udHJpYi5hdXRoLmJhY2tlbmRzLk1vZGVsQmFja2VuZHED
VQ1fYXV0aF91c2VyX2lkcQRLAXUu
','2013-06-03 07:08:14.234971');
INSERT INTO "django_session" VALUES('b4af8076f10440d169b7f04f001060a5','MmYxYjZlZGRhNmRjMjUzMjcxMDI0ZWFlOGNhNWVlOTNhZGQ2N2Y4YzqAAn1xAShVEl9hdXRoX3Vz
ZXJfYmFja2VuZHECVSlkamFuZ28uY29udHJpYi5hdXRoLmJhY2tlbmRzLk1vZGVsQmFja2VuZHED
VQ1fYXV0aF91c2VyX2lkcQRLAXUu
','2013-06-03 07:08:14.534874');
INSERT INTO "django_session" VALUES('e452ac0ea7d1f6ffe881195dea526d88','MmYxYjZlZGRhNmRjMjUzMjcxMDI0ZWFlOGNhNWVlOTNhZGQ2N2Y4YzqAAn1xAShVEl9hdXRoX3Vz
ZXJfYmFja2VuZHECVSlkamFuZ28uY29udHJpYi5hdXRoLmJhY2tlbmRzLk1vZGVsQmFja2VuZHED
VQ1fYXV0aF91c2VyX2lkcQRLAXUu
','2013-06-04 05:32:21.009715');
CREATE TABLE "django_site" (
    "id" integer NOT NULL PRIMARY KEY,
    "domain" varchar(100) NOT NULL,
    "name" varchar(50) NOT NULL
);
INSERT INTO "django_site" VALUES(1,'example.com','example.com');
CREATE TABLE "django_comments" (
    "id" integer NOT NULL PRIMARY KEY,
    "content_type_id" integer NOT NULL REFERENCES "django_content_type" ("id"),
    "object_pk" text NOT NULL,
    "site_id" integer NOT NULL REFERENCES "django_site" ("id"),
    "user_id" integer REFERENCES "auth_user" ("id"),
    "user_name" varchar(50) NOT NULL,
    "user_email" varchar(75) NOT NULL,
    "user_url" varchar(200) NOT NULL,
    "comment" text NOT NULL,
    "submit_date" datetime NOT NULL,
    "ip_address" char(15),
    "is_public" bool NOT NULL,
    "is_removed" bool NOT NULL
);
INSERT INTO "django_comments" VALUES(1,10,'1',1,2,'qy','123@qq.com','','<p>I love python!</p>','2013-03-22 06:30:08.239000','127.0.0.1',1,0);
INSERT INTO "django_comments" VALUES(2,10,'6',1,2,'qy','123@qq.com','','<p>wedwedw</p>','2013-03-24 01:43:35.506000','127.0.0.1',1,0);
INSERT INTO "django_comments" VALUES(3,10,'6',1,2,'qy','123@qq.com','','<p>ertrft4</p>','2013-03-24 01:56:49.577000','127.0.0.1',1,0);
INSERT INTO "django_comments" VALUES(4,10,'6',1,1,'admin','517876024@qq.com','','<p>f<img title="Frown" src="../../site_media/js/tiny_mce/plugins/emotions/img/smiley-frown.gif" alt="Frown" border="0" /></p>','2013-03-24 02:42:45.015000','127.0.0.1',1,0);
INSERT INTO "django_comments" VALUES(5,10,'8',1,1,'admin','517876024@qq.com','','<p>Me too!<img title="Cry" src="../../site_media/js/tiny_mce/plugins/emotions/img/smiley-cry.gif" alt="Cry" border="0" /></p>','2013-03-24 02:53:06.914000','127.0.0.1',1,0);
INSERT INTO "django_comments" VALUES(6,10,'6',1,2,'qy','123@qq.com','','<p>ewdas</p>','2013-03-25 06:18:05.722000','127.0.0.1',1,0);
INSERT INTO "django_comments" VALUES(7,10,'9',1,2,'qy','123@qq.com','','<p style="text-align: left;">Hello <span style="font-family: ''arial black'', ''avant garde'';">too!<img title="Tongue Out" src="../../site_media/js/tiny_mce/plugins/emotions/img/smiley-tongue-out.gif" alt="Tongue Out" border="0" /></span></p>','2013-03-25 06:29:40.530000','127.0.0.1',1,0);
INSERT INTO "django_comments" VALUES(8,10,'6',1,2,'qy','123@qq.com','','<p>hello<img title="Kiss" src="../../site_media/js/tiny_mce/plugins/emotions/img/smiley-kiss.gif" alt="Kiss" border="0" /></p>','2013-03-25 06:33:41.876000','127.0.0.1',1,0);
INSERT INTO "django_comments" VALUES(9,10,'6',1,2,'qy','123@qq.com','','<p>dear!<img title="Surprised" src="../../site_media/js/tiny_mce/plugins/emotions/img/smiley-surprised.gif" alt="Surprised" border="0" /></p>','2013-03-25 06:34:19.887000','127.0.0.1',1,0);
INSERT INTO "django_comments" VALUES(10,10,'6',1,2,'qy','123@qq.com','','<p>wefgjdfwe</p>','2013-03-25 08:27:29.081000','127.0.0.1',1,0);
INSERT INTO "django_comments" VALUES(11,10,'13',1,1,'admin','517876024@qq.com','','<p>hiasdhws</p>','2013-04-23 08:33:16.640000','127.0.0.1',1,0);
INSERT INTO "django_comments" VALUES(12,14,'8',1,1,'admin','517876024@qq.com','','<p>efsfw</p>','2013-05-08 05:25:47.048000','127.0.0.1',1,0);
INSERT INTO "django_comments" VALUES(13,14,'9',1,2,'qy','123@qq.com','','<p>hello</p>','2013-05-08 05:31:39.327000','127.0.0.1',1,0);
INSERT INTO "django_comments" VALUES(14,14,'6',1,1,'admin','517876024@qq.com','','<p>12133</p>','2013-05-09 01:37:51.210350','127.0.0.1',1,0);
INSERT INTO "django_comments" VALUES(15,14,'6',1,1,'admin','517876024@qq.com','','<p>12341adasd</p>','2013-05-09 01:38:01.841243','127.0.0.1',1,0);
INSERT INTO "django_comments" VALUES(16,14,'6',1,1,'admin','517876024@qq.com','','<p>&lt;script&gt;alert(1)&lt;/script&gt;</p>','2013-05-09 01:38:13.274936','127.0.0.1',1,0);
INSERT INTO "django_comments" VALUES(17,14,'22',1,1,'admin','517876024@qq.com','','<p>asda13</p>','2013-05-09 05:35:17.638492','127.0.0.1',1,0);
INSERT INTO "django_comments" VALUES(18,14,'24',1,1,'admin','517876024@qq.com','','<p>adasda</p>','2013-05-09 05:39:21.801079','127.0.0.1',1,0);
INSERT INTO "django_comments" VALUES(19,14,'29',1,1,'admin','517876024@qq.com','','<p>asd1234</p>','2013-05-09 07:02:32.508246','127.0.0.1',1,0);
INSERT INTO "django_comments" VALUES(20,10,'14',1,2,'qy','123@qq.com','','<p>hello</p>','2013-05-12 02:21:50.161000','127.0.0.1',1,0);
INSERT INTO "django_comments" VALUES(21,14,'30',1,2,'qy','123@qq.com','','<p>dfbdfd</p>','2013-05-12 02:30:05.857000','127.0.0.1',1,0);
CREATE TABLE "django_comment_flags" (
    "id" integer NOT NULL PRIMARY KEY,
    "user_id" integer NOT NULL REFERENCES "auth_user" ("id"),
    "comment_id" integer NOT NULL REFERENCES "django_comments" ("id"),
    "flag" varchar(30) NOT NULL,
    "flag_date" datetime NOT NULL,
    UNIQUE ("user_id", "comment_id", "flag")
);
CREATE TABLE "django_admin_log" (
    "id" integer NOT NULL PRIMARY KEY,
    "action_time" datetime NOT NULL,
    "user_id" integer NOT NULL REFERENCES "auth_user" ("id"),
    "content_type_id" integer REFERENCES "django_content_type" ("id"),
    "object_id" text,
    "object_repr" varchar(200) NOT NULL,
    "action_flag" smallint unsigned NOT NULL,
    "change_message" text NOT NULL
);
INSERT INTO "django_admin_log" VALUES(1,'2013-03-24 02:40:43.964000',1,10,'7','User qy comments on: Emotion',2,'Changed content.');
INSERT INTO "django_admin_log" VALUES(2,'2013-03-24 02:43:15.525000',1,3,'1','admin',2,'Changed password and email.');
INSERT INTO "django_admin_log" VALUES(3,'2013-03-26 01:37:42.453000',1,11,'1','test',1,'');
INSERT INTO "django_admin_log" VALUES(4,'2013-03-26 01:38:10.995000',1,11,'1','test',2,'No fields changed.');
INSERT INTO "django_admin_log" VALUES(5,'2013-03-26 01:39:08.949000',1,11,'2','test2',1,'');
INSERT INTO "django_admin_log" VALUES(6,'2013-03-26 01:40:55.053000',1,11,'3','test3',1,'');
INSERT INTO "django_admin_log" VALUES(7,'2013-03-26 01:41:19.343000',1,11,'1','test',3,'');
INSERT INTO "django_admin_log" VALUES(8,'2013-03-26 01:41:23.835000',1,11,'2','test2',3,'');
INSERT INTO "django_admin_log" VALUES(9,'2013-04-18 01:20:28.616000',1,11,'4','test',1,'');
INSERT INTO "django_admin_log" VALUES(10,'2013-04-18 02:08:32.162000',1,12,'1','ModelType object',1,'');
INSERT INTO "django_admin_log" VALUES(11,'2013-04-18 02:10:07.955000',1,12,'2','wall',1,'');
INSERT INTO "django_admin_log" VALUES(12,'2013-04-18 02:11:52.859000',1,13,'1','testDoor',1,'');
INSERT INTO "django_admin_log" VALUES(13,'2013-04-20 07:32:36.679000',1,13,'2','wew',1,'');
INSERT INTO "django_admin_log" VALUES(14,'2013-04-20 08:02:01.561000',1,13,'3','test',1,'');
INSERT INTO "django_admin_log" VALUES(15,'2013-04-20 08:02:14.587000',1,13,'1','testDoor',2,'Changed rotation_x, rotation_y and rotation_z.');
INSERT INTO "django_admin_log" VALUES(16,'2013-04-20 08:02:22.923000',1,13,'2','wew',2,'Changed rotation_x, rotation_y and rotation_z.');
INSERT INTO "django_admin_log" VALUES(17,'2013-05-09 02:58:46.964588',1,12,'3','furniture',1,'');
INSERT INTO "django_admin_log" VALUES(18,'2013-05-09 02:59:20.583044',1,13,'4','desk',1,'');
INSERT INTO "django_admin_log" VALUES(19,'2013-05-09 03:01:43.873921',1,13,'5','sofa',1,'');
INSERT INTO "django_admin_log" VALUES(20,'2013-05-09 03:16:59.919601',1,13,'6','tv',1,'');
INSERT INTO "django_admin_log" VALUES(21,'2013-05-15 02:23:39.691310',1,13,'7','sofa_001',1,'');
INSERT INTO "django_admin_log" VALUES(22,'2013-05-15 02:24:15.271257',1,13,'2','wew',3,'');
INSERT INTO "django_admin_log" VALUES(23,'2013-05-15 02:24:20.965676',1,13,'3','test',3,'');
INSERT INTO "django_admin_log" VALUES(24,'2013-05-15 02:24:26.917487',1,13,'1','testDoor',3,'');
INSERT INTO "django_admin_log" VALUES(25,'2013-05-18 06:28:17.361619',1,13,'8','dinning tables & chairs',1,'');
INSERT INTO "django_admin_log" VALUES(26,'2013-05-18 06:28:56.772825',1,13,'5','sofa',3,'');
INSERT INTO "django_admin_log" VALUES(27,'2013-05-20 07:08:57.507403',1,13,'9','bed',1,'');
INSERT INTO "django_admin_log" VALUES(28,'2013-05-20 07:55:10.351202',1,13,'10','sidetable',1,'');
INSERT INTO "django_admin_log" VALUES(29,'2013-05-20 09:06:42.300192',1,12,'4','bathroom',1,'');
INSERT INTO "django_admin_log" VALUES(30,'2013-05-20 09:12:53.661477',1,13,'11','bathtub',1,'');
INSERT INTO "django_admin_log" VALUES(31,'2013-05-21 02:44:55.663997',1,13,'12','pool001',1,'');
INSERT INTO "django_admin_log" VALUES(32,'2013-05-21 03:03:07.640925',1,13,'13','matong',1,'');
INSERT INTO "django_admin_log" VALUES(33,'2013-05-21 05:28:05.884515',1,12,'5','livingroom',1,'');
INSERT INTO "django_admin_log" VALUES(34,'2013-05-21 05:38:41.037139',1,13,'14','livingroom-set',1,'');
INSERT INTO "django_admin_log" VALUES(35,'2013-05-21 05:39:11.534753',1,13,'9','bed',2,'Changed type and height.');
INSERT INTO "django_admin_log" VALUES(36,'2013-05-21 05:39:29.335797',1,13,'8','dinning tables & chairs',2,'Changed type and height.');
INSERT INTO "django_admin_log" VALUES(37,'2013-05-21 05:39:43.078897',1,13,'10','sidetable',2,'Changed type.');
INSERT INTO "django_admin_log" VALUES(38,'2013-05-21 05:39:53.406030',1,13,'7','sofa_001',2,'Changed type and height.');
INSERT INTO "django_admin_log" VALUES(39,'2013-05-21 05:40:12.818048',1,13,'6','tv',2,'Changed type, baseY and height.');
INSERT INTO "django_admin_log" VALUES(40,'2013-05-22 04:52:27.736397',1,13,'6','tv',2,'Changed icon_url.');
INSERT INTO "django_admin_log" VALUES(41,'2013-05-22 05:04:08.324351',1,13,'6','tv',2,'Changed model_url, rotation_x, x, y, z and baseY.');
INSERT INTO "django_admin_log" VALUES(42,'2013-05-22 05:12:51.556060',1,13,'6','tv',2,'Changed model_url and y.');
INSERT INTO "django_admin_log" VALUES(43,'2013-05-22 05:13:36.108552',1,13,'6','tv',2,'Changed y.');
INSERT INTO "django_admin_log" VALUES(44,'2013-05-22 05:24:36.724502',1,13,'6','tv',2,'Changed height.');
INSERT INTO "django_admin_log" VALUES(45,'2013-05-22 05:26:56.155047',1,13,'6','tv',2,'Changed height.');
INSERT INTO "django_admin_log" VALUES(46,'2013-05-22 05:27:19.406368',1,13,'6','tv',2,'Changed height.');
INSERT INTO "django_admin_log" VALUES(47,'2013-05-22 05:43:51.988854',1,13,'9','bed',2,'Changed icon_url.');
INSERT INTO "django_admin_log" VALUES(48,'2013-05-22 08:41:38.304803',1,13,'7','sofa_001',2,'Changed model_url, x, y, z and baseY.');
INSERT INTO "django_admin_log" VALUES(49,'2013-05-22 08:55:02.247529',1,12,'6','bedroom',1,'');
INSERT INTO "django_admin_log" VALUES(50,'2013-05-22 08:56:56.459852',1,13,'9','bed',2,'Changed type, model_url, image_url, x, y, z and height.');
INSERT INTO "django_admin_log" VALUES(51,'2013-05-22 08:57:04.079527',1,13,'9','bed',2,'Changed height.');
INSERT INTO "django_admin_log" VALUES(52,'2013-05-22 08:58:33.429309',1,13,'9','bed',2,'Changed y.');
INSERT INTO "django_admin_log" VALUES(53,'2013-05-22 09:09:23.809535',1,13,'9','bed',2,'Changed x, y and z.');
INSERT INTO "django_admin_log" VALUES(54,'2013-05-22 09:23:46.045734',1,13,'9','bed',2,'Changed y.');
CREATE TABLE "message_msg" (
    "id" integer NOT NULL PRIMARY KEY,
    "title" varchar(30) NOT NULL,
    "content" text NOT NULL,
    "user_id" integer NOT NULL REFERENCES "auth_user" ("id"),
    "ip" char(15) NOT NULL,
    "datetime" datetime NOT NULL,
    "clickcount" integer NOT NULL
);
INSERT INTO "message_msg" VALUES(1,'Python','<p>Python is good!</p>',2,'127.0.0.1','2013-03-22 06:26:35.876000',2);
INSERT INTO "message_msg" VALUES(2,'Ajax','<p>Ajax is good!<img title="Cool" src="../site_media/js/tiny_mce/plugins/emotions/img/smiley-cool.gif" alt="Cool" border="0" /></p>',2,'127.0.0.1','2013-03-22 06:28:11.835000',1);
INSERT INTO "message_msg" VALUES(3,'Java','<p>Java is huge!</p>',2,'127.0.0.1','2013-03-22 06:30:33.802000',1);
INSERT INTO "message_msg" VALUES(4,'Sunny Day','<p>What a sunny day! I love it!</p>',2,'127.0.0.1','2013-03-23 04:42:12.092000',3);
INSERT INTO "message_msg" VALUES(5,'Admin','<p>I am admin!</p>',1,'127.0.0.1','2013-03-24 01:24:37.382000',2);
INSERT INTO "message_msg" VALUES(6,'Rainy','<p>What a rainy day!</p>',1,'127.0.0.1','2013-03-24 01:25:03.438000',146);
INSERT INTO "message_msg" VALUES(7,'Emotion','<p>smile<img title="Smile" src="/site_media/js/tiny_mce/plugins/emotions/img/smiley-smile.gif" alt="Smile" border="0" /></p>',2,'127.0.0.1','2013-03-24 02:29:14.983000',22);
INSERT INTO "message_msg" VALUES(8,'Cry','<p>I am upsad!<img title="Cry" src="../site_media/js/tiny_mce/plugins/emotions/img/smiley-cry.gif" alt="Cry" border="0" /></p>',1,'127.0.0.1','2013-03-24 02:46:51.452000',52);
INSERT INTO "message_msg" VALUES(9,'Hello again','<p>Hello <span style="text-decoration: underline;"><em><strong>world!<img title="Smile" src="../site_media/js/tiny_mce/plugins/emotions/img/smiley-smile.gif" alt="Smile" border="0" /></strong></em></span></p>',2,'127.0.0.1','2013-03-24 08:35:45.861000',82);
INSERT INTO "message_msg" VALUES(11,'Test link2','<p><a href="../">link to home</a></p>',2,'127.0.0.1','2013-03-25 07:30:16.702000',16);
INSERT INTO "message_msg" VALUES(14,'12314','<p>阿三大赛打</p>',1,'127.0.0.1','2013-05-06 06:16:52.600423',10);
CREATE TABLE "management_modelfile" (
    "id" integer NOT NULL PRIMARY KEY,
    "title" varchar(30) NOT NULL,
    "file" varchar(100) NOT NULL,
    "date_time" datetime NOT NULL,
    "description" text NOT NULL
);
INSERT INTO "management_modelfile" VALUES(3,'test3','models/manage.py','2013-03-26 01:40:55.051000','wed3');
INSERT INTO "management_modelfile" VALUES(4,'test','models/login.html','2013-04-18 01:20:28.614000','ewewe');
CREATE TABLE "management_modeltype" (
    "id" integer NOT NULL PRIMARY KEY,
    "name" varchar(30) NOT NULL
);
INSERT INTO "management_modeltype" VALUES(1,'door');
INSERT INTO "management_modeltype" VALUES(2,'wall');
INSERT INTO "management_modeltype" VALUES(3,'furniture');
INSERT INTO "management_modeltype" VALUES(4,'bathroom');
INSERT INTO "management_modeltype" VALUES(5,'livingroom');
INSERT INTO "management_modeltype" VALUES(6,'bedroom');
ANALYZE sqlite_master;
CREATE TABLE scene_scenedraft (
    "id" INTEGER PRIMARY KEY NOT NULL,
    "title" VARCHAR(30) NOT NULL,
    "time" DATETIME NOT NULL,
    "description" VARCHAR(300) NOT NULL,
    "content3" TEXT NOT NULL,
    "author_id" INTEGER NOT NULL,
    "scene_id" INTEGER,
    "image_url" TEXT,
    "content2" TEXT NOT NULL
);
INSERT INTO "scene_scenedraft" VALUES(1,'asd14','2013-05-09 05:37:58.733449','','{"rooms":[],"walls":[],"furnitures":[]}',1,23,NULL,'{"points":[],"walls":[],"rooms":[],"furnitures":[]}');
CREATE TABLE scene_scenedata (
    "id" INTEGER PRIMARY KEY NOT NULL,
    "title" VARCHAR(30) NOT NULL,
    "time" DATETIME NOT NULL,
    "description" VARCHAR(300) NOT NULL,
    "content3" TEXT NOT NULL,
    "author_id" INTEGER NOT NULL,
    "img_url" TEXT NOT NULL,
    "view_count" INTEGER DEFAULT (0),
    "content2" TEXT NOT NULL
);
INSERT INTO "scene_scenedata" VALUES(1,'title','2013-05-17 05:00:00','<p>ashdajshd</p>','{"rooms":[{"points":[{"x":86,"y":45},{"x":385,"y":45},{"x":385,"y":203},{"x":86,"y":203}]},{"points":[{"x":385,"y":45},{"x":612,"y":45},{"x":612,"y":365},{"x":385,"y":365},{"x":385,"y":203}]}],"walls":[{"doors":[],"windows":[],"points":[{"x":86,"y":45},{"x":385,"y":45}]},{"doors":[],"windows":[],"points":[{"x":385,"y":45},{"x":385,"y":203}]},{"doors":[],"windows":[],"points":[{"x":385,"y":203},{"x":86,"y":203}]},{"doors":[],"windows":[],"points":[{"x":86,"y":203},{"x":86,"y":45}]},{"doors":[],"windows":[],"points":[{"x":385,"y":45},{"x":612,"y":45}]},{"doors":[],"windows":[],"points":[{"x":612,"y":45},{"x":612,"y":365}]},{"doors":[],"windows":[],"points":[{"x":612,"y":365},{"x":385,"y":365}]},{"doors":[],"windows":[],"points":[{"x":385,"y":365},{"x":385,"y":203}]}],"furnitures":[]}',1,'data:image/png;base64,iVBORw0KGgoAAAANSUhEUgAAAyAAAAJYCAYAAACadoJwAAAgAElEQVR4Xu3dQZIcSXodYPSeZuQhtBaoEwhL7XQArbknd1ryBiJuoANoQzMdoHACGXrLU9BM+1ZWdWZpMFGA+/v/iEAU/GszmnEGGVGVnz/38Jeejfntw77//Of77b7sdFv360Hy45cIyEuitX0tP36JgLwkWuabvMhLInD1vHz4LXk3E6+9+hv2+00M4g9ewo9fIiAviZYNlrzISyIgL4mW9UVerpUXBaQ3Hh8EugfIj18iIC+Jlg2HvMhLIiAviZb1RV56eVFAmn4C2APkxy8RkJdEywZBXuQlEZCXRMv6Ii+9vCggTT8B7AHy45cIyEuiZYMgL/KSCMhLomV9kZdeXhSQpp8A9gD58UsE5CXRskGQF3lJBOQl0bK+yEsvLwpI008Ae4D8+CUC8pJo2SDIi7wkAvKSaFlf5KWXFwWk6SeAPUB+/BIBeUm0bBDkRV4SAXlJtKwv8tLLiwLS9BPAHiA/fomAvCRaNgjyIi+JgLwkWtYXeenlRQFp+glgD5Afv0RAXhItGwR5kZdEQF4SLeuLvPTyooA0/QSwB8iPXyIgL4mWDYK8yEsiIC+JlvVFXnp5UUCafgLYA+THLxGQl0TLBkFe5CURkJdEy/oiL728KCBNPwHsAfLjlwjIS6JlgyAv8pIIyEuiZX2Rl15eFJCmnwD2APnxSwTkJdGyQZAXeUkE5CXRsr7ISy8vCkjTTwB7gPz4JQLykmjZIMiLvCQC8pJoWV/kpZcXBaTpJ4A9QH78EgF5SbRsEORFXhIBeUm0rC/y0suLAtL0E8AeID9+iYC8JFo2CPIiL4mAvCRa1hd56eVFAWn6CWAPkB+/REBeEi0bBHmRl0RAXhIt64u89PKigDT9BLAHyI9fIiAviZYNgrzISyIgL4mW9UVeenl5KSAPxOatXi7/eL/J1z1u5n5tRePRI+THLxGQl0Rr+1p+/BIBeUm0zDd5uVZeFJDeeChc/CIBC2DEtXkxP36JgLwkWjao8iIviYC8JFpvvPb5BGTPfxxJ9TT58UsE5CXR2r6WH79EQF4SLfNNXuQlEVgtL/4dkCQdb7x2tcB4v73A8OOXCMhLomXDKy/ykgjIS6Jlfdk7LwpIL3+v//7Ml+Z9HpfvPcDu1xsYfvwSAXlJtDzQ5UVeEgF5SbSsL1fPiwLSy7MCwi8SuPqC4PeLhnPzYn78EgF5SbRsKOVFXhKBq+dFAUlG843XXn2A/X69AebHLxGQl0TLhlJe5CURkJdEy/py9bwoIL08OwHhFwlcfUHw+0XD6QTkLuArqLXcmG81t8dV/PglAvKSaB1f4BSQ3ngoIPwiAQtgxGWDb4PfCoz51uLzfOvx8eMXCay2XikgUTyOb4SrBdD77QWQH79EQF4SLeu9vMhLIiAviZb1RQHp5cUnHPwiAQt0xOUExAlIKzDmW4vP863Hx49fJLDaeqWARPHQWFebIN5vb4Lw45cIyEui5XkkL/KSCMhLonX8+qKA9MbDJxz8IgELYMTlBMQJSCsw5luLz/Otx8ePXySw2nqlgETxOL4RrhZA77cXQH78EgF5SbSs9/IiL4mAvCRa1hcFpJcXn3DwiwQs0BGXExAnIK3AmG8tPs+3Hh8/fpHAauuVAhLFQ2NdbYJ4v70Jwo9fIiAviZbnkbzISyIgL4nW8euLAtIbD59w8IsELIARlxMQJyCtwJhvLT7Ptx4fP36RwGrrlQISxeP4RrhaAL3fXgD58UsE5CXRst7Li7wkAvKSaFlfFJBeXnzCwS8SsEBHXE5AnIC0AmO+tfg833p8/PhFAqutVwpIFA+NdbUJ4v32Jgg/fomAvCRankfyIi+JgLwkWsevLy8F5DEovV/tz6s/3m/ydY+buV9b0Xj0CPnxSwTkJdHavpYfv0RAXhIt801erpUXBaQ3HpvC9Q+3+/3X2//9TfO+LidAgAABAgTWE/i/t7f8P2//97/+6q3bQPeywO9afr6C1RuPb77j+W+3e/2H5v1cToAAAQIECBD4ciP49BcMvkLUywS/a/kpIL3xeC0g/+l2n//RvJfLCRAgQIAAAQIPgX+6/T//cv8PNtC9XPC7lp8C0huP1wLyr7f7/G3zXi4nQIAAAQIECDwE/v32//ydArJLIBSQHuPefgpIbzxeC8hT8z4uJ0CAAAECBAj8tcDzXxb0/M/eG0D362WNX89PAWn6PQKogDQhXU6AAAECBAhsBBSQfUKhMPQc9/ZTQHrj4QSk6edyAgQIECBA4PsCCsg+6dh7A+1+zXF5BLt5m9fLVx0QJyB7Jch9CBAgQIAAgYeAArJPFlbdnz7/bWp7/LO3nxOQ5qj4ClYT0OUECBAgQIDAdwUUkH3CsfcG2v2a4+IEpAeogPT8XE2AAAECBAh8X0AB2ScdCkPPcW8/JyC98Qj/HZDf/2j+OJcTIECgIfAfJz9zslY1kF1KYEJgdi5+eN2n7b0BdL+JYfrBS/j1/BSQpl92AuKh3uR2OQECLYHZTY+1qsXsYgJDgdm5qIBc9d9hUECGIf/xCyY/Dpv+KasOyNOUkIf6FJMXESBwkMDspsdaddAAuC2Bu8DsXFRAFJDapLn6ftwJSG1cX69yAtIEdDkBAicKzG56FJATB8WPWlJgdi4qIApIbYIoIDW3zQb/6gF0AtIcaJcTIHCCwOymRwE5YTD8iKUFZueiAnL1/Z/frziRfQWrCHe/zAlIz8/VBAicKTC76VFAzhwVP2tFgdm5qIDY4NfmhxOQmpsTkKabywkQILAVmN30KCDSQ+BYgdm5qIAoILUkKiA1NwWk6eZyAgQIKCAyQOCqAgrIaGSuvoH2+41GcPDnvoLVA/QVrJ6fqwkQOFNgdtPjBOTMUfGzVhSYnYtOQJyA1ObH1QvSy9+C9fgla2/x26s+3v/j1z1udrvHe7nf56n366E+xeRFBAgcJDC76bFWHTQAbkvgLjA7Fz98+HS/4r3sh1bb/3m/xUmtgBTh/mpBUEB6jq4mQOAMgdlNjwJyxmj4GSsLzM5FBcQGvzZPrl5Y/e+A1Mb19SpfwWoCupwAgRMFZjc9CsiJg+JHLSkwOxd9BctXsGoT5F18Bav21t6+6upv+Kjf72kK0UN9ismLCBA4SGB202OtOmgA3JbAXWB2LiogCkht0hy1391rPJyA1MbVCUjTzeUECPwMgdlNjwLyM0bHz1xJYHYuKiB7bXivviFf7fdTQJrrna9gNQFdToDAiQKzmx4F5MRB8aOWFJidiwqIAlKbIFcvNApIbVydgDTdXE6AwM8QmN30KCA/Y3T8zJUEZueiAqKA1OaFAlJz22zwrx7Ap6n36aE+xeRFBAgcJDC76bFWHTQAbkvgLjA7FxWQq+///H7FSe1/iLAId7/MV7B6fq4mQOBMgdlNjwJy5qj4WSsKzM5FBcQGvzY/nIDU3JyANN1cToAAga3A7KZHAZEeAscKzM5FBUQBqSVRAam5KSBNN5cTIEBAAZEBAlcVUEBGI3P1DbTfbzSCgz/3FaweoK9g9fxcTYDAmQKzmx4nIGeOip+1osDsXHQC4gSkNj+uXpD8LVi1cd2c0DxN3cdDfYrJiwgQOEhgdtNjrTpoANyWwF1gdi4qIApIbdIoIDW3zQb/6gFUQJoD7XICBE4QmN30KCAnDIYfsbTA7FxUQK6+//P7FSeyr2AV4e6X+QpWz8/VBAicKTC76VFAzhwVP2tFgdm5qIDY4NfmhxOQmpsTkKabywkQILAVmN30KCDSQ+BYgdm5qIAoILUkKiA1NwWk6eZyAgQIKCAyQOCqAgrIaGSuvoH2+41GcPDnvoLVA/QVrJ6fqwkQOFNgdtPjBOTMUfGzVhSYnYtOQJyA1ObH1QuSvwWrNq6bE5qnqft4qE8xeREBAgcJzG56rFUHDYDbErgLzM5FBUQBqU0aBaTmttngXz2ACkhzoF1OgMAJArObHgXkhMHwI5YWmJ2LCsjV939+v+JEfv4K1qMlFW/xzWUf7//p6x43u93jvdzv89T79VCfYvIiAgQOEpjd9FirDhoAtyUQn4B8ul/xXvZDq+3/vN/ipFZAinB/tSAoID1HVxMgcIaAAnKGsp9BYCwwOxc/fFBAxpozr1DgZpS+/5q9/fw7IL3xeD09epq6j08Vp5i8iACBgwRmNz3WqoMGwG0JxCcgj78s6Orf6ff79cK9mp8C0suLAtL0czkBAmcKKCBnavtZBL4vMDsX/Tsg/h2L2jy6eqFRQGrj+nqVv4a3CehyAgROFJjd9DgBOXFQ/KglBWbnogKigNQmiAJSc9ts8K8ewKep9+mhPsXkRQQIHCQwu+mxVh00AG5L4C4wOxcVkKvv//x+xUntf4iwCHe/zAlIz8/VBAicKTC76VFAzhwVP2tFgdm5qIDY4NfmhxOQmpsTkKabywkQILAVmN30KCDSQ+BYgdm5qIAoILUkKiA1NwWk6eZyAgQIKCAyQOCqAgrIaGSuvoH2+41GcPDnvoLVA/QVrJ6fqwkQOFNgdtPjBOTMUfGzVhSYnYtOQJyA1ObH1QuSvwWrNq6bE5qnqft4qE8xeREBAgcJzG56rFUHDYDbErgLzM5FBUQBqU0aBaTmttngXz2ACkhzoF1OgMAJArObHgXkhMHwI5YWmJ2LCsjV939+v+JE9hWsItz9Ml/B6vm5mgCBMwVmNz0KyJmj4metKDA7FxUQG/za/HACUnNzAtJ0czkBAgS2ArObHgVEeggcKzA7FxUQBaSWRAWk5qaANN1cToAAAQVEBghcVUABGY3M1TfQfr/RCA7+3FeweoC+gtXzczUBAmcKzG56nICcOSp+1ooCs3PRCYgTkNr8uHpB8rdg1cZ1c0LzNHUfD/UpJi8iQOAggdlNj7XqoAFwWwJ3gdm5qIAoILVJo4DU3DYb/KsHUAFpDrTLCRA4QWB206OAnDAYfsTSArNzUQG5+v7P71ecyL6CVYS7X+YrWD0/VxMgcKbA7KZHATlzVPysFQVm56ICYoNfmx9OQGpuTkCabi4nQIDAVmB206OASA+BYwVm56ICooDUkvguCsjjl6y9xW+v+nj/j1/3uNntHu/lfp+n3q+H+hSTFxEgcJDA7KbHWnXQALgtgbvA7Fz88OHT/Yr3sh9abf/n/RYn9fNXsBSQIt5fFCQFpG7oSgIEzhKY3fQoIGeNiJ+zqsDsXFRAbPBrc+TqhdXfglUb19er/DsgTUCXEyBwosDspkcBOXFQ/KglBWbnoq9g+QpWbYK8i69g1d7a21dd/Q0f9fs9TSF6qE8xeREBAgcJzG56rFUHDYDbErgLzM5FBUQBqU2ao/a7e42HE5DauDoBabq5nACBnyEwu+lRQH7G6PiZKwnMzkUFZK8N79U35Kv9fgpIc73zFawmoMsJEDhRYHbTo4CcOCh+1JICs3NRAVFAahPk6oVGAamNqxOQppvLCRD4GQKzmx4F5GeMjp+5ksDsXFRAFJDavFBAam6bDf7VA/g09T491KeYvIgAgYMEZjc91qqDBsBtCdwFZueiAnL1/Z/frzip/S+hF+Hul/kKVs/P1QQInCkwu+lRQM4cFT9rRYHZuaiA2ODX5ocTkJqbE5Cmm8sJECCwFZjd9Cgg0kPgWIHZuaiAKCC1JCogNTcFpOnmcgIECCggMkDgqgIKyGhkrr6B9vuNRnDw576C1QP0Fayen6sJEDhTYHbT4wTkzFHxs1YUmJ2LTkCcgNTmx9ULkr8FqzaumxOap6n7eKhPMXkRAQIHCcxueqxVBw2A2xK4C8zORQVEAalNGgWk5rbZ4F89gApIc6BdToDACQKzmx4F5ITB8COWFpidiwrI1fd/fr/iRPYVrCLc/TJfwer5uZoAgTMFZjc9CsiZo+JnrSgwOxcVEBv82vxwAlJzcwLSdHM5AQIEtgKzmx4FRHoIHCswOxcVEAWklkQFpOamgDTdXE6AAAEFRAYIXFVAARmNzNU30H6/0QgO/txXsHqAvoLV83M1AQJnCsxuepyAnDkqftaKArNz0QmIE5Da/Lh6QfK3YNXGdXNC8zR1Hw/1KSYvIkDgIIHZTY+16qABcFsCd4HZuaiAKCC1SaOA1Nw2G/yrB1ABaQ60ywkQOEFgdtOjgJwwGH7E0gKzc1EBufr+z+9XnMjPX8F6tKTiLb657OP9P33d42a3e7yX+32eer8e6lNMXkSAwEECs5sea9VBA+C2BOITkE/3K97Lfmi1/Z/3W5zUCkgR7q8WBAWk5+hqAgTOEFBAzlD2MwiMBWbn4ocPCshYc+YVCtyM0vdfs7effwekNx6vp0dPU/fxqeIUkxcRIHCQwOymx1p10AC4LYH4BOTxlwVd/Tv9fr9euFfzU0B6eVFAmn4uJ0DgTAEF5ExtP4vA9wVm56J/B8S/Y1GbR1cvNApIbVxfr/LX8DYBXU6AwIkCs5seJyAnDooftaTA7FxUQBSQ2gRRQGpumw3+1QP4NPU+PdSnmLyIAIGDBGY3PdaqgwbAbQncBWbnogJy9f2f3684qf0PERbh7pc5Aen5uZoAgTMFZjc9CsiZo+JnrSgwOxcVEBv82vxwAlJzcwLSdHM5AQIEtgKzmx4FRHoIHCswOxcVEAWklkQFpOamgDTdXE6AAAEFRAYIXFVAARmNzNU30H6/0QgO/txXsHqAvoLV83M1AQJnCsxuepyAnDkqftaKArNz0QmIE5Da/Lh6QfK3YNXGdXNC8zR1Hw/1KSYvIkDgIIHZTY+16qABcFsCd4HZuaiAKCC1SaOA1Nw2G/yrB1ABaQ60ywkQOEFgdtOjgJwwGH7E0gKzc1EBufr+z+9XnMi+glWEu1/mK1g9P1cTIHCmwOymRwE5c1T8rBUFZueiAmKDX5sfTkBqbk5Amm4uJ0CAwFZgdtOjgEgPgWMFZueiAqKA1JKogNTcFJCmm8sJECCggMgAgasKKCCjkbn6BtrvNxrBwZ/7ClYP0Fewen6uJkDgTIHZTY8TkDNHxc9aUWB2LjoBcQJSmx9XL0j+FqzauG5OaJ6m7uOhPsXkRQQIHCQwu+mxVh00AG5L4C4wOxcVEAWkNmkUkJrbZoN/9QAqIM2BdjkBAicIzG56FJATBsOPWFpgdi4qIFff//n9ihPZV7CKcPfLfAWr5+dqAgTOFJjd9CggZ46Kn7WiwOxcVEBs8GvzwwlIzc0JSNPN5QQIENgKzG56FBDpIXCswOxcVEAUkFoS30UBefyStbf47VUf7//x6x43u93jvdzv89T79VCfYvIiAgQOEpjd9FirDhoAtyVwF5idix8+fLpf8V72Q6vt/7zf4qR+/gqWAlLE+4uCpIDUDV1JgMBZArObHgXkrBHxc1YVmJ2LCogNfm2OXL2w+luwauP6epV/B6QJ6HICBE4UmN30KCAnDooftaTA7Fz0FSxfwapNkHfxFazaW3v7qqu/4aN+v6cpRA/1KSYvIkDgIIHZTY+16qABcFsCd4HZuaiAKCC1SXPUfnev8XACUhtXJyBNN5cTIPAzBGY3PQrIzxgdP3Mlgdm5qIDsteG9+oZ8td9PAWmud76C1QR0OQECJwrMbnoUkBMHxY9aUmB2LiogCkhtgly90CggtXF1AtJ0czkBAj9DYHbTo4D8jNHxM1cSmJ2LCogCUpsXCkjNbbPBv3oAn6bep4f6FJMXESBwkMDspsdaddAAuC2Bu8DsXFRArr7/8/sVJ7X/JfQi3P0yX8Hq+bmaAIEzBWY3PQrImaPiZ60oMDsXFRAb/Nr8cAJSc3MC0nRzOQECBLYCs5seBUR6CBwrMDsXFRAFpJZEBaTmpoA03VxOgAABBUQGCFxVQAEZjczVN9B+v9EIDv7cV7B6gL6C1fNzNQECZwrMbnqcgJw5Kn7WigKzc9EJiBOQ2vy4ekHyt2DVxnVzQvM0dR8P9SkmLyJA4CCB2U2PteqgAXBbAneB2bmogCggtUmjgNTcNhv8qwdQAWkOtMsJEDhBYHbTo4CcMBh+xNICs3NRAbn6/s/vV5zIvoJVhLtf5itYPT9XEyBwpsDspkcBOXNU/KwVBWbnogJig1+bH05Aam5OQJpuLidAgMBWYHbTo4BID4FjBWbnogKigNSSqIDU3BSQppvLCRAgoIDIAIGrCiggo5G5+gba7zcawcGf+wpWD9BXsHp+riZA4EyB2U2PE5AzR8XPWlFgdi46AXECUpsfVy9I/has2rhuTmiepu7joT7F5EUECBwkMLvpsVYdNABuS+AuMDsXFRAFpDZpFJCa22aDf/UAKiDNgXY5AQInCMxuehSQEwbDj1haYHYuKiBX3//5/YoT+fkrWI+WVLzFN5d9vP+nr3vc7HaP93K/z1Pv10N9ismLCBA4SGB202OtOmgA3JZAfALy6X7Fe9kPrbb/836Lk1oBKcL91YKggPQcXU2AwBkCCsgZyn4GgbHA7Fz88EEBGWvOvEKBm1H6/mv29vPvgPTG4/X06GnqPj5VnGLyIgIEDhKY3fRYqw4aALclEJ+APP6yoKt/p9/v1wv3an4KSC8vCkjTz+UECJwpoICcqe1nEfi+wOxc9O+A+HcsavPo6oVGAamN6+tV/hreJqDLCRA4UWB20+ME5MRB8aOWFJidiwqIAlKbIApIzW2zwb96AJ+m3qeH+hSTFxEgcJDA7KbHWnXQALgtgbvA7FxUQK6+//P7FSe1/yHCItz9MicgPT9XEyBwpsDspkcBOXNU/KwVBWbnogJig1+bH05Aam5OQJpuLidAgMBWYHbTo4BID4FjBWbnogKigNSSqIDU3BSQppvLCRAgoIDIAIGrCiggo5G5+gba7zcawcGf+wpWD9BXsHp+riZA4EyB2U2PE5AzR8XPWlFgdi46AXECUpsfVy9I/has2rhuTmiepu7joT7F5EUECBwkMLvpsVYdNABuS+AuMDsXFRAFpDZpFJCa22aDf/UAKiDNgXY5AQInCMxuehSQEwbDj1haYHYuKiBX3//5/YoT2VewinD3y3wFq+fnagIEzhSY3fQoIGeOip+1osDsXFRAbPBr88MJSM3NCUjTzeUECBDYCsxuehQQ6SFwrMDsXFRAFJBaEhWQmpsC0nRzOQECBBQQGSBwVQEFZDQyV99A+/1GIzj4c1/B6gH6ClbPz9UECJwpMLvpcQJy5qj4WSsKzM5FJyBOQGrz4+oFyd+CVRvXzQnN09R9PNSnmLyIAIGDBGY3PdaqgwbAbQncBWbnogKigNQmjQJSc9ts8K8eQAWkOdAuJ0DgBIHZTY8CcsJg+BFLC8zORQXk6vs/v19xIvsKVhHufpmvYPX8XE2AwJkCs5seBeTMUfGzVhSYnYsKiA1+bX44Aam5OQFpurmcAAECW4HZTY8CIj0EjhWYnYsKiAJSS+K7KCCPX7L2Fr+96uP9P37d42a3e7yX+32eer8e6lNMXkSAwEECs5sea9VBA+C2BO4Cs3Pxw4dP9yvey35otf2f91uc1M9fwVJAinh/UZAUkLqhKwkQOEtgdtOjgJw1In7OqgKzc1EBscGvzZGrF1Z/C1ZtXF+v8u+ANAFdToDAiQKzmx4F5MRB8aOWFJidi76C5StYtQnyLr6CVXtrb1919Td81O/3NIXooT7F5EUECBwkMLvpsVYdNABuS+AuMDsXFRAFpDZpjtrv7jUeTkBq4+oEpOnmcgIEfobA7KZHAfkZo+NnriQwOxcVkL02vFffkK/2+ykgzfXOV7CagC4nQOBEgdlNjwJy4qD4UUsKzM5FBUQBqU2QqxcaBaQ2rk5Amm4uJ0DgZwjMbnoUkJ8xOn7mSgKzc1EBUUBq80IBqbltNvhXD+DT1Pv0UJ9i8iICBA4SmN30WKsOGgC3JXAXmJ2LCsjV939+v+Kk9r+EXoS7X+YrWD0/VxMgcKbA7KZHATlzVPysFQVm56ICYoNfmx9OQGpuTkCabi4nQIDAVmB206OASA+BYwVm56ICooDUkqiA1NwUkKabywkQIKCAyACBqwooIKORufoG2u83GsHBn/sKVg/QV7B6fq4mQOBMgdlNjxOQM0fFz1pRYHYuOgFxAlKbH1cvSP4WrNq4bk5onqbu46E+xeRFBAgcJDC76bFWHTQAbkvgLjA7FxUQBaQ2aRSQmttmg3/1ACogzYF2OQECJwjMbnoUkBMGw49YWmB2LiogV9//+f2KE9lXsIpw98t8Bavn52oCBM4UmN30KCBnjoqftaLA7FxUQGzwa/PDCUjNzQlI083lBAgQ2ArMbnoUEOkhcKzA7FxUQBSQWhIVkJqbAtJ0czkBAgQUEBkgcFUBBWQ0MlffQPv9RiM4+HNfweoB+gpWz8/VBAicKTC76XECcuao+FkrCszORScgTkBq8+PqBcnfglUb180JzdPUfTzUp5i8iACBgwRmNz3WqoMGwG0J3AVm56ICooDUJo0CUnPbbPCvHsC5AtLEcDkBAgROEVBATmH2QxYWUEBGg3/1DbTfbzSCgz9//grWA7F5q5fLP95v8nWPm72j+33e6f26DQECBH6+gALy88fAb/BrC8wXkE93iFX3V6vtJ1d5vy9fwVJA6svcY0FQQOqGriRA4GoCCsjVRsTv86sJKCCjEVW4RkI//vOr+/l3QHrj+1renpr3cTkBAgSuI6CAXGcs/Ca/psB8AXn8ZUG+8tNLAr9r+SkgvfFQQJp+LidA4IoCCsgVR8Xv9CsJKCCj0VQYRkI//vOr+ykgvfFVQJp+LidA4IoCCsgVR8Xv9CsJKCCj0bz6BtrvNxrBwZ/73wHpAT4C+K+32/xt71auJkCAwEUEFJCLDIRf45cVUEBGQ2uDPxJyAvKNwKqB+S83hf/ey4qrCRAgcBEBBeQiA+HX+GUFFJDR0K66n7z6/+zEXr+fr2CNZsDgz/9ygvyf22v/vnk/lxMgQODnCyggP38M/Aa/toACMhpfBWQk5ATECchN4NEI//H2///z7f98Has3cVxNgMDPFFBAfqa+n72CgAIyGqw/ZksAACAASURBVGUFZCSkgCggf1FAenH5//+bLHsdcZnAvRHhxy8ReA95eZp6QwrIFJMXESgLKCAjuvewnj6/B/u10Uh+58/9S+hFuPtlJgi/REBeEq3ta/n1/RSQnqGrCewjoICMHK33IyEnIE5ANODyLLHAlOleLuTHLxF4zosCkoh5LYGjBBSQkazn20hIAVFAFJDyLLHAlOkUkB7dsn4KyA7BcQsCbQEFZERofzASUkAUEAWkPEssMGW6ZTfQz2/cd25ruXECUnNzFYH9BRSQkan9wUhIAVFAbIjKs8QCU6ZTQHp0y/o5AdkhOG5BoC2ggIwI7Q9GQgqIAqKAlGeJBaZMt+wG2glIPTNOQOp2riSwr4ACMvK0PxgJKSAKiAJSniUWmDKdAtKjW9bPCcgOwXELAm0BBWREaH8wElJAFBAFpDxLLDBlumU30E5A6plxAlK3cyWBfQUUkJGn/cFISAFRQBSQ8iyxwJTpFJAe3bJ+TkB2CI5bEGgLKCAjQvuDkZACooAoIOVZYoEp0y27gXYCUs+ME5C6nSsJ7CuggIw87Q9GQr9AAXkMcu+t/nn1x/tNvu5xM/drKxqPHiE/fonAe8jL56k39PsfUy/zIgIEigLzBeTT/Se8h/Xl+Ve1/6tFYrXx/fDbzUkBqYVF4aq7Pa5cbcJ5v73M8Ov7KSA9Q1cT2EdAARk5Wu9HQj/+86v7vRSQPf9xZNbT5McvEZCXRGv72hX9nqbInIBMMXkRgbLAfAF57NNWXK+eef0Pz9ZCdvW8KCC1cX296uoD7PfrDTA/fonAe8iLApKMqNcSOEpAARnJvof1VEEajeIP/twJSAPvdqkJwi8RkJdEy4nFEXlRQHoZdDWBfQQUkJHjEeufwjBS//6f7z0eTkDqY/Fy5d4D4n69AeHHLxFYMS8KSJIQryVwlIACMpJdcX1eqSApIKMZMPhzE6QHyI9fIiAvidbbJ0gKSM/Q1QT2EVBARo7W+5HQj//86n4KSG98nYDwiwSuviD4/aLh3Lz4PfgpIL0xdjWBfQQUkJHje1hPVzqx2Hs8FJDRDHAC8o3A3gF0v14A+fFLBJ7zooAkYl5L4CgBBWQk6/k2EnICYoN6E/DXxNUmigWm5va4ih+/REABSbS8lsCRAgrISNfzbSSkgCggCkh5llhgynQvF/LjlwgoIImW1xI4UkABGel6vo2EFBAFRAEpzxILTJlOAenRLev3NOXmf4hwismLCJQFFJARnf3BSEgBUUAUkPIsscCU6ZbdQD+/cV95rOXGCUjNzVUE9hdQQEam9gcjIQVEAbEhKs8SC0yZTgHp0S3r5wRkh+C4BYG2gAIyIrQ/GAkpIAqIAlKeJRaYMt2yG2gnIPXMOAGp27mSwL4CCsjI0/5gJKSAKCAKSHmWWGDKdApIj25ZPycgOwTHLQi0BRSQEaH9wUhIAVFAFJDyLLHAlOmW3UA7AalnxglI3c6VBPYVUEBGnvYHIyEFRAFRQMqzxAJTplNAenTL+jkB2SE4bkGgLaCAjAjtD0ZCCogCooCUZ4kFpky37AbaCUg9M05A6nauJLCvgAIy8rQ/GAkpIAqIAlKeJRaYMp0C0qNb1s8JyA7BcQsCbQEFZERofzAS+gUKyGOQe2/1z6s/3m/ydY+buV9b0Xj0CPnxSwTeQ14+T70h/0OEU0xeRKAsMF9APt1/xntYX55/Vfu/WihWG98Pv92cFJBaWBSuutvjytUmnPfbywy/vp8C0jN0NYF9BBSQkaP1fiT04z+/ut9LAdnzH0dmPU1+/BIBeUm0tq9d0e9piswJyBSTFxEoC8wXkMc+bcX16pn3S9n42wv59SD39lNAeuPxenpkgtQg9w60+9XG4XEVv1/fTwHpjbGrCewjoICMHD2PRkI//vOr+ykgvfFVQPhFAldfEPx+0XBuXvwe/BSQ3hi7msA+AgrIyPE9rKdOaEaj+IM/9xWsBt7tUhOEXyIgL4nW9rX8+n4KSM/Q1QT2EVBARo7W+5GQE5BvBATm1w6M8TW+iYC8JFrnFC4FpDcmriawj4ACMnL0/BgJKSAKyE3AvwNSmygWmJrb4yp+/BIB/0OEiZbXEjhSQAEZ6Xq+jYQUEAVEASnPEgtMme7lQn78EgEFJNHyWgJHCiggI13Pt5GQAqKAKCDlWWKBKdMpID26Zf2eptz8NbxTTF5EoCyggIzo7A9GQgqIAqKAlGeJBaZMt+wG+vmN+8pjLTdOQGpuriKwv4ACMjK1PxgJKSAKiA1ReZZYYMp0CkiPblk/JyA7BMctCLQFFJARof3BSEgBUUAUkPIsscCU6ZbdQDsBqWfGCUjdzpUE9hVQQEae9gcjIQVEAVFAyrPEAlOmU0B6dMv6OQHZIThuQaAtoICMCO0PRkIKiAKigJRniQWmTLfsBtoJSD0zTkDqdq4ksK+AAjLytD8YCSkgCogCUp4lFpgynQLSo1vWzwnIDsFxCwJtAQVkRGh/MBJSQBQQBaQ8SywwZbplN9BOQOqZcQJSt3MlgX0FFJCRp/3BSEgBUUAUkPIsscCU6RSQHt2yfk5AdgiOWxBoCyggI0L7g5GQAqKAKCDlWWKBKdMtu4F2AlLPjBOQup0rCewroICMPO0PRkIKiAKigJRniQWmTKeA9OiW9XMCskNw3IJAW0ABGRHaH4yEfoEC8hjk3lv98+qP95t83eNm7tdWNB49Qn78EoH3kJfPU2/o9z+mXuZFBAgUBeYLyKf7T3gP68vzr2r/V4vEauP74bebkwJSC4vCVXd7XLnahPN+e5nh1/dTQHqGriawj4ACMnK03o+EfvznV/d7KSB7/uPIrKfJj18iIC+J1va1K/o9TZE5AZli8iICZYH5AvLYp624Xj3zfikbf3shvx7k3n4KSG88Xk+PTJAa5N6Bdr/aODyu4vfr+ykgvTF2NYF9BBSQkaPn0Ujox39+dT8FpDe+Cgi/SODqC4LfLxrOzYvfg58C0htjVxPYR0ABGTm+h/XUCc1oFH/w576C1cC7XWqC8EsE5CXR2r6WX99PAekZuprAPgIKyMjRej8ScgLyjYDA/NqBMb7GNxGQl0TrnMKlgPTGxNUE9hFQQEaOnh8jIQVEAbkJ+HdAahPFAlNze1zFj18i8JwXBSQR81oCRwkoICNZz7eRkAKigCgg5VligSnTvVzIj18ioIAkWl5L4EgBBWSk6/k2ElJAFBAFpDxLLDBlOgWkR7esnxOQHYLjFgTaAgrIiND+YCSkgCggCkh5llhgynTLbqCf37ivPNZy4wSk5uYqAvsLKCAjU/uDkZACooDYEJVniQWmTKeA9OiW9XMCskNw3IJAW0ABGRHaH4yEFBAFRAEpzxILTJlu2Q20E5B6ZpyA1O1cSWBfAQVk5Gl/MBJSQBQQBaQ8SywwZToFpEe3rJ8TkB2C4xYE2gIKyIjQ/mAkpIAoIApIeZZYYMp0y26gnYDUM+MEpG7nSgL7CiggI0/7g5GQAqKAKCDlWWKBKdMpID26Zf2cgOwQHLcg0BZQQEaE9gcjIQVEAVFAyrPEAlOmW3YD7QSknhknIHU7VxLYV0ABGXnaH4yEFBAFRAEpzxILTJlOAenRLevnBGSH4LgFgbaAAjIitD8YCSkgCogCUp4lFpgy3bIbaCcg9cw4AanbuZLAvgIKyMjT/mAkpIAoIApIeZZYYMp0CkiPblk/JyA7BMctCLQFFJARof3BSOgXKCCPQe691T+v/ni/ydc9buZ+bUXj0SPkxy8ReA95+Tz1hn7/Y+plXkSAQFFgvoB8uv+E97C+PP+q9n+1SKw2vh9+uzkpILWwKFx1t8eVq00477eXGX59PwWkZ+hqAvsIKCAjR+v9SOjHf351v5cCsuc/jsx6mvz4JQLykmhtX7ui39MUmROQKSYvIlAWmC8gj33aiuvVM++XsvG3F/LrQe7tp4D0xuP19MgEqUHuHWj3q43D4yp+v76fAtIbY1cT2EdAARk5eh6NhH7851f3U0B646uA8IsErr4g+P2i4dy8+D34KSC9MXY1gX0EFJCR43tYT53QjEbxB3/uK1gNvNulJgi/REBeEq3ta/n1/RSQnqGrCewjoICMHK33IyEnIN8ICMyvHRjja3wTAXlJtM4pXApIb0xcTWAfAQVk5Oj5MRJSQBSQm4B/B6Q2USwwNbfHVfz4JQLPeVFAEjGvJXCUgAIykvV8GwkpIAqIAlKeJRaYMt3Lhfz4JQIKSKLltQSOFFBARrqebyMhBUQBUUDKs8QCU6ZTQHp0y/o5AdkhOG5BoC2ggIwI7Q9GQgqIAqKAlGeJBaZMt+wG+vmN+8pjLTdOQGpuriKwv4ACMjK1PxgJKSAKiA1ReZZYYMp0CkiPblk/JyA7BMctCLQFFJARof3BSEgBUUAUkPIsscCU6ZbdQDsBqWfGCUjdzpUE9hVQQEae9gcjIQVEAVFAyrPEAlOmU0B6dMv6OQHZIThuQaAtoICMCO0PRkIKiAKigJRniQWmTLfsBtoJSD0zTkDqdq4ksK+AAjLytD8YCSkgCogCUp4lFpgynQLSo1vWzwnIDsFxCwJtAQVkRGh/MBJSQBQQBaQ8SywwZbplN9BOQOqZcQJSt3MlgX0FFJCRp/3BSEgBUUAUkPIsscCU6RSQHt2yfk5AdgiOWxBoCyggI0L7g5GQAqKAKCDlWWKBKdMtu4F2AlLPjBOQup0rCewroICMPO0PRkIKiAKigJRniQWmTKeA9OiW9XMCskNw3IJAW0ABGRHaH4yEfoEC8hjk3lv98+qP95t83eNm7tdWNB49Qn78EoH3kJfPU2/o9z+mXuZFBAgUBeYLyKf7T3gP68vzr2r/V4vEauP74bebkwJSC4vCVXd7XLnahPN+e5nh1/dTQHqGriawj4ACMnK03o+EfvznV/d7KSB7/uPIrKfJj18iIC+J1va1K/o9TZE5AZli8iICZYH5AvLYp624Xj3zfikbf3shvx7k3n4KSG88Xk+PTJAa5N6Bdr/aODyu4vfr+ykgvTF2NYF9BBSQkaPn0Ujox39+dT8FpDe+Cgi/SODqC4LfLxrOzYvfg58C0htjVxPYR0ABGTm+h/XUCc1oFH/w576C1cC7XWqC8EsE5CXR2r6WX99PAekZuprAPgIKyMjRej8ScgLyjYDA/NqBMb7GNxGQl0TrnMKlgPTGxNUE9hFQQEaOnh8jIQVEAbkJ+HdAahPFAlNze1zFj18i8JwXBSQR81oCRwkoICNZz7eRkAKigCgg5VligSnTvVzIj18ioIAkWl5L4EgBBWSk6/k2ElJAFBAFpDxLLDBlOgWkR7esnxOQHYLjFgTaAgrIiND+YCSkgCggCkh5llhgynTLbqCf37ivPNZy4wSk5uYqAvsLKCAjU/uDkZACooDYEJVniQWmTKeA9OiW9XMCskNw3IJAW0ABGRHaH4yEFBAFRAEpzxILTJlu2Q20E5B6ZpyA1O1cSWBfAQVk5Gl/MBJSQBQQBaQ8SywwZToFpEe3rJ8TkB2C4xYE2gIKyIjQ/mAkpIAoIApIeZZYYMp0y26gnYDUM+MEpG7nSgL7CiggI0/7g5GQAqKAKCDlWWKBKdMpID26Zf2cgOwQHLcg0BZQQEaE9gcjIQVEAVFAyrPEAlOmW3YD7QSknhknIHU7VxLYV0ABGXnaH4yEFBAFRAEpzxILTJlOAenRLevnBGSH4LgFgbaAAjIitD8YCSkgCogCUp4lFpgy3bIbaCcg9cw4AanbuZLAvgIKyMjT/mAkpIAoIApIeZZYYMp0CkiPblk/JyA7BMctCLQFFJARof3BSOgXKCCPQe691T+v/ni/ydc9buZ+bUXj0SPkxy8ReA95+Tz1hn7/Y+plXkSAQFFgvoB8uv+E97C+PP+q9n+1SKw2vh9+uzkpILWwKFx1t8eVq00477eXGX59PwWkZ+hqAvsIKCAjR+v9SOjHf351v5cCsuc/jsx6mvz4JQLykmhtX7ui39MUmROQKSYvIlAWmC8gj33aiuvVM++XsvG3F/LrQe7tp4D0xuP19MgEqUHuHWj3q43D4yp+v76fAtIbY1cT2EdAARk5eh6NhH7851f3U0B646uA8IsErr4g+P2i4dy8+D34KSC9MXY1gX0EFJCR43tYT53QjEbxB3/uK1gNvNulJgi/REBeEq3ta/n1/RSQnqGrCewjoICMHK33IyEnIN8ICMyvHRjja3wTAXlJtM4pXApIb0xcTWAfAQVk5Oj5MRJSQBSQm4B/B6Q2USwwNbfHVfz4JQLPeVFAEjGvJXCUgAIykvV8GwkpIAqIAlKeJRaYMt3Lhfz4JQIKSKLltQSOFFBARrqebyMhBUQBUUDKs8QCU6ZTQHp0y/o5AdkhOG5BoC2ggIwI7Q9GQgqIAqKAlGeJBaZMt+wG+vmN+8pjLTdOQGpuriKwv4ACMjK1PxgJKSAKiA1ReZZYYMp0CkiPblk/JyA7BMctCLQFFJARof3BSEgBUUAUkPIsscCU6ZbdQDsBqWfGCUjdzpUE9hVQQEae9gcjIQVEAVFAyrPEAlOmU0B6dMv6OQHZIThuQaAtoICMCO0PRkIKiAKigJRniQWmTLfsBtoJSD0zTkDqdq4ksK+AAjLytD8YCSkgCogCUp4lFpgynQLSo1vWzwnIDsFxCwJtAQVkRGh/MBJSQBQQBaQ8SywwZbplN9BOQOqZcQJSt3MlgX0FFJCRp/3BSEgBUUAUkPIsscCU6RSQHt2yfk5AdgiOWxBoCyggI0L7g5GQAqKAKCDlWWKBKdMtu4F2AlLPjBOQup0rCewroICMPO0PRkIKiAKigJRniQWmTKeA9OiW9XMCskNw3IJAW0ABGRHaH4yEfoEC8hjk3lv98+qP95t83eNm7tdWNB49Qn78EoH3kJfPU2/o9z+mXuZFBAgUBeYLyKf7T3gP68vzr2r/V4vEauP74bebkwJSC4vCVXd7XLnahPN+e5nh1/dTQHqGriawj4ACMnK03o+EfvznV/d7KSB7/uPIrKfJj18iIC+J1va1K/o9TZE5AZli8iICZYH5AvLYp624Xj3zfikbf3shvx7k3n4KSG88Xk+PTJAa5N6Bdr/aODyu4vfr+ykgvTF2NYF9BBSQkaPn0Ujox39+dT8FpDe+Cgi/SODqC4LfLxrOzYvfg58C0htjVxPYR0ABGTm+h/XUCc1oFH/w576C1cC7XWqC8EsE5CXR2r6WX99PAekZuprAPgIKyMjRej8ScgLyjYDA/NqBMb7GNxGQl0TrnMKlgPTGxNUE9hFQQEaOnh8jIQVEAbkJ+HdAahPFAlNze1zFj18i8JwXBSQR81oCRwkoICNZz7eRkAKigCgg5VligSnTvVzIj18ioIAkWl5L4EgBBWSk6/k2ElJAFBAFpDxLLDBlOgWkR7esnxOQHYLjFgTaAgrIiND+YCSkgCggCkh5llhgynTLbqCf37ivPNZy4wSk5uYqAvsLKCAjU/uDkZACooDYEJVniQWmTKeA9OiW9XMCskNw3IJAW0ABGRHaH4yEFBAFRAEpzxILTJlu2Q20E5B6ZpyA1O1cSWBfAQVk5Gl/MBJSQBQQBaQ8SywwZToFpEe3rJ8TkB2C4xYE2gIKyIjQ/mAkpIAoIApIeZZYYMp0y26gnYDUM+MEpG7nSgL7CiggI0/7g5GQAqKAKCDlWWKBKdMpID26Zf2cgOwQHLcg0BZQQEaE9gcjIQVEAVFAyrPEAlOmW3YD7QSknhknIHU7VxLYV0ABGXnaH4yEFBAFRAEpzxILTJlOAenRLevnBGSH4LgFgbaAAjIitD8YCSkgCogCUp4lFpgy3bIbaCcg9cw4AanbuZLAvgIKyMjT/mAkpIAoIApIeZZYYMp0CkiPblk/JyA7BMctCLQFFJARof3BSOgXKCCPQe691T+v/ni/ydc9buZ+bUXj0SPkxy8ReA95+Tz1hn7/Y+plXkSAQFFgvoB8uv+E97C+PP+q9n+1SKw2vh9+uzkpILWwKFx1t8eVq00477eXGX59v7kC0vs5riZAYD8BBWQfS8+PnuPefi8FZM9/HJn1NPnxSwTkJdHavnZFv6cemasJEDhZ4LFPW3G9eqb+spM3vx7k3n4KSG88Xk+PTJAa5N6Bdr/aODyu4vfr+ykgvTF2NYGzBRSQfcQ933qOe/spIL3xUED4RQJ7T2D3i/g3L17RTwHpZcbVBM4WUED2EV9xvb/yCZIC0sy1QPcA+fFLBOQl0dq+dv6v4e39HFcTILCfgAKyj6XnR89xbz8FpDceTkD4RQJ7T2D3i/idgNwEnID0MuNqAmcLKCD7iHte9hz39lNAeuOhgPCLBPaewO4X8SsgN4H/ffu/v+mxuZoAgZME/v32c/7u/rOs9z10ftfyU0B646GA8IsELIARl8JwF9jzL7n4h9s9/1tvGFxNgMBJAv90+zn/ooDsou3522Pc208B6Y2HAsIvEth7ArtfxK/Q3AWeNzR/36NzNQECBws8f/Dw6S9+hvW+B87vWn4KSG88FBB+kYAFMOJSGO4Ce56APN/y+X7/ePu/f77939/2hsTVBAjsLPD8tavnufk4+Xjc3vOjB83vWn4KSG88FBB+kYAFMOJSQA4sIL2R+PNqee4p8uOXCMhLorV9Lb9r+SkgvfHwAOYXCVgAIy4FRAFpBcZ8a/F5vvX4+PGLBFZbrxSQKB4a9WoTxPvtTRB+/BIBeUm0PI/kRV4SAXlJtI5fXxSQ3nj4hINfJGABjLicgDgBaQXGfGvxeb71+PjxiwRWW68UkCgexzfC1QLo/fYCyI9fIiAviZb1Xl7kJRGQl0TL+qKA9PLiEw5+kYAFOuJyAuIEpBUY863F5/nW4+PHLxJYbb1SQKJ4aKyrTRDvtzdB+PFLBOQl0fI8khd5SQTkJdE6fn1RQHrj4RMOfpGABTDicgLiBKQVGPOtxef51uPjxy8SWG29UkCieBzfCFcLoPfbCyA/fomAvCRa1nt5kZdEQF4SLevLSwF5hKZH9+fVH+83+brHzdyvrWg8eoT8+CUC8pJobV/Lj18iIC+JlvkmL9fKiwLSGw+Fi18kYAGMuDYv5scvEZCXRMsGVV7kJRGQl0Trjdc+n4Ds+Y8juJ4mP36JgLwkWtvX8uOXCMhLomW+yYu8JAKr5cW/A5Kk443XrhYY77cXGH78EgF5SbRseOVFXhIBeUm0rC9750UB6eXP33LBLxLYewK7X8S/eTE/fomAvCRaNmzyIi+JwGp5UUCSdDgBUbjkJRJYbUH1fqN4KIR3gS89tter5a8HyY9fIiAvidYbr/XvgPQABZBfIiAviZZPUOVFXhIBeUm0rC/yIi+JwN55cQKS6DsBcQIiL5HA3guW+0X8ThicMLQCY761+Dwve3z8fnE/BeQXH2APkN4A8+OXCMhLouUTaHmRl0RAXhIt68vV86KA9PKsofOLBK6+IPj9ouF0wuCEoRUY863F5/nb4+PHLxLYe71SQCJ+jXrvALpfL4D8+CUC8pJoWe/lRV4SAXlJtKwvCkgvLz5B4BcJWKAjLicMThhagTHfWnyebz0+fvwigdXWKwUkiofGutoE8X57E4Qfv0RAXhItzyN5kZdEQF4SrePXFwWkNx4+4eAXCVgAIy4nIE5AWoEx31p8nm89Pn78IoHV1isFJIrH8Y1wtQB6v70A8uOXCMhLomW9lxd5SQTkJdGyviggvbz4hINfJGCBjricgDgBaQXGfGvxeb71+PjxiwRWW68UkCgeGutqE8T77U0QfvwSAXlJtDyP5EVeEgF5SbSOX18UkN54+ISDXyRgAYy4nIA4AWkFxnxr8Xm+9fj48YsEVluvFJAoHsc3wtUC6P32AsiPXyIgL4mW9V5e5CURkJdEy/qigPTy4hMOfpGABTricgLiBKQVGPOtxef51uPjxy8SWG29eikgjzcdSX3nxR/v//3XPW52u4f79SD58UsE5CXR2r6WH79EQF4SLfNNXuQlEbh6XhSQZDTfeO3VB9jv1xtgfvwSAXlJtGwo5UVeEgF5SbSsL1fPi69g9fLsiJVfJLDaEav3G8Vj82J+/BIBeUm0tq/lxy8RkJdE643XPn8Fa89/DEhPkx+/REBeEi0bDnmRl0RAXhIt64u8yEskoIBEXD6hvAt86bG9Xm3B6kHy45cIyEuiZUMpL/KSCMhLomV98RWsXl58BYtfJGCBjrgUfoW/FRjzrcXn+dbj48cvElhtvVJAonhorKtNEO+3N0H48UsE5CXR8jySF3lJBOQl0Tp+fVFAeuPhEw5+kYAFMOJyAuIEpBUY863F5/nW4+PHLxJYbb1SQKJ4HN8IVwug99sLID9+iYC8JFrWe3mRl0RAXhIt64sC0suLTzj4RQIW6IjLCYgTkFZgzLcWn+dbj48fv0hgtfVKAYniobGuNkG8394E4ccvEZCXRMvzSF7kJRGQl0Tr+PVFAemNh084+EUCFsCIywmIE5BWYMy3Fp/nW4+PH79IYLX1SgGJ4nF8I1wtgN5vL4D8+CUC8pJoWe/lRV4SAXlJtKwvCkgvLz7h4BcJWKAjLicgTkBagTHfWnyebz0+fvwigdXWKwUkiofGutoE8X57E4Qfv0RAXhItzyN5kZdEQF4SrePXFwWkNx4+4eAXCVgAIy4nIE5AWoEx31p8nm89Pn78IoHV1isFJIrH8Y1wtQB6v70A8uOXCMhLomW9lxd5SQTkJdGyviggvbz4hINfJGCBjricgDgBaQXGfGvxeb71+PjxiwRWW68UkCgeGutqE8T77U0QfvwSAXlJtDyP5EVeEgF5SbSOX18UkN54+ISDXyRgAYy4nIA4AWkFxnxr8Xm+9fj48YsEVluvXgrI401HUt958cf7f/91j5vd7uF+PUh+/BIBeUm0tq/lxy8RkJdEy3yTF3lJBK6eFwUkGc03Xnv1Afb79QaYH79EQF4SLRtKeZGXREBeEi3ry9Xz+jZwnQAAGC5JREFU4itYvTw7YuUXCax2xOr9RvHYvJgfv0RAXhKt7Wv58UsE5CXReuO1z1/B2vMfA9LT5McvEZCXRMuGQ17kJRGQl0TL+iIv8hIJKCARl08o7wJfemyvV1uwepD8+CUC8pJo2VDKi7wkAvKSaFlffAWrlxdfweIXCVigIy6FX+FvBcZ8a/F5vvX4+PGLBFZbrxSQKB4a62oTxPvtTRB+/BIBeUm0PI/kRV4SAXlJtI5fXxSQ3nj4hINfJGABjLicgDgBaQXGfGvxeb71+PjxiwRWW68UkCgexzfC1QLo/fYCyI9fIiAviZb1Xl7kJRGQl0TL+qKA9PLiEw5+kYAFOuJyAuIEpBUY863F5/nW4+PHLxJYbb1SQKJ4aKyrTRDvtzdB+PFLBOQl0fI8khd5SQTkJdE6fn1RQHrj4RMOfpGABTDicgLiBKQVGPOtxef51uPjxy8SWG29UkCieBzfCFcLoPfbCyA/fomAvCRa1nt5kZdEQF4SLeuLAtLLi084+EUCFuiIywmIE5BWYMy3Fp/nW4+PH79IYLX1SgGJ4qGxrjZBvN/eBOHHLxGQl0TL80he5CURkJdE6/j1RQHpjYdPOPhFAhbAiMsJiBOQVmDMtxaf51uPjx+/SGC19UoBieJxfCNcLYDeby+A/PglAvKSaFnv5UVeEgF5SbSsLwpILy8+4eAXCVigIy4nIE5AWoEx31p8nm89Pn78IoHV1isFJIqHxrraBPF+exOEH79EQF4SLc8jeZGXREBeEq3j1xcFpDcePuHgFwlYACMuJyBOQFqBMd9afJ5vPT5+/CKB1darlwLyeNOR1Hde/PH+33/d42a3e7hfD5Ifv0RAXhKt7Wv58UsE5CXRMt/kRV4SgavnRQFJRvON1159gP1+vQHmxy8RkJdEy4ZSXuQlEZCXRMv6cvW8+ApWL8+OWPlFAqsdsXq/UTw2L+bHLxGQl0Rr+1p+/BIBeUm03njt81ew9vzHgPQ0+fFLBOQl0bLhkBd5SQTkJdGyvsiLvEQCCkjE5RPKu8CXHtvr1RasHiQ/fomAvCRaNpTyIi+JgLwkWtYXX8Hq5cVXsPhFAhboiEvhV/hbgTHfWnyebz0+fvwigdXWKwUkiofGutoE8X57E4Qfv0RAXhItzyN5kZdEQF4SrePXFwWkNx4+4eAXCVgAIy4nIE5AWoEx31p8nm89Pn78IoHV1isFJIrH8Y1wtQB6v70A8uOXCMhLomW9lxd5SQTkJdGyviggvbz4hINfJGCBjricgDgBaQXGfGvxeb71+PjxiwRWW68UkCgeGutqE8T77U0QfvwSAXlJtDyP5EVeEgF5SbSOX18UkN54+ISDXyRgAYy4nIA4AWkFxnxr8Xm+9fj48YsEVluvFJAoHsc3wtUC6P32AsiPXyIgL4mW9V5e5CURkJdEy/qigPTy4hMOfpGABTricgLiBKQVGPOtxef51uPjxy8SWG29UkCieGisq00Q77c3QfjxSwTkJdHyPJIXeUkE5CXROn59UUB64+ETDn6RgAUw4nIC4gSkFRjzrcXn+dbj48cvElhtvVJAongc3whXC6D32wsgP36JgLwkWtZ7eZGXREBeEi3riwLSy4tPOPhFAhboiMsJiBOQVmDMtxaf51uPjx+/SGC19UoBieKhsa42Qbzf3gThxy8RkJdEy/NIXuQlEZCXROv49UUB6Y2HTzj4RQIWwIjLCYgTkFZgzLcWn+dbj48fv0hgtfXqpYA83nQk9Z0Xf7z/91/3uNntHu7Xg+THLxGQl0Rr+1p+/BIBeUm0zDd5kZdE4Op5UUCS0XzjtVcfYL9fb4D58UsE5CXRsqGUF3lJBOQl0bK+XD0vvoLVy7MjVn6RwGpHrN5vFI/Ni/nxSwTkJdHavpYfv0RAXhKtN177/BWsPf8xID1NfvwSAXlJtGw45EVeEgF5SbSsL/IiL5GAAhJx+YTyLvClx/Z6tQWrB8mPXyIgL4mWDaW8yEsiIC+JlvXFV7B6efEVLH6RgAU64lL4Ff5WYMy3Fp/nW4+PH79IYLX1SgGJ4qGxrjZBvN/eBOHHLxGQl0TL80he5CURkJdE6/j1RQHpjYdPOPhFAhbAiMsJiBOQVmDMtxaf51uPjx+/SGC19UoBieJxfCNcLYDeby+A/PglAvKSaFnv5UVeEgF5SbSsLwpILy8+4eAXCVigIy4nIE5AWoEx31p8nm89Pn78IoHV1isFJIqHxrraBPF+exOEH79EQF4SLc8jeZGXREBeEq3j1xcFpDcePuHgFwlYACMuJyBOQFqBMd9afJ5vPT5+/CKB1dYrBSSKx/GNcLUAer+9APLjlwjIS6JlvZcXeUkE5CXRsr4oIL28+ISDXyRggY64nIA4AWkFxnxr8Xm+9fj48YsEVluvFJAoHhrrahPE++1NEH78EgF5SbQ8j+RFXhIBeUm0jl9fFJDeePiEg18kYAGMuJyAOAFpBcZ8a/F5vvX4+PGLBFZbrxSQKB7HN8LVAuj99gLIj18iIC+JlvVeXuQlEZCXRMv6ooD08uITDn6RgAU64nIC4gSkFRjzrcXn+dbj48cvElhtvVJAonhorKtNEO+3N0H48UsE5CXR8jySF3lJBOQl0Tp+fVFAeuPhEw5+kYAFMOJyAuIEpBUY863F5/nW4+PHLxJYbb16KSCPNx1JfefFH+///dc9bna7h/v1IPnxSwTkJdHavpYfv0RAXhIt801e5CURuHpeFJBkNN947dUH2O/XG2B+/BIBeUm0bCjlRV4SAXlJtKwvV8+Lr2D18uyIlV8ksNoRq/cbxWPzYn78EgF5SbS2r+XHLxGQl0Trjdc+fwVrz38MSE+TH79EQF4SLRsOeZGXREBeEi3ri7zISySggERcPqG8C3zpsb1ebcHqQfLjlwjIS6JlQykv8pIIyEuiZX3xFaxeXnwFi18kYIGOuBR+hb8VGPOtxef51uPjxy8SWG29UkCieGisq00Q77c3QfjxSwTkJdHyPJIXeUkE5CXROn59UUB64+ETDn6RgAUw4nIC4gSkFRjzrcXn+dbj48cvElhtvVJAongc3whXC6D32wsgP36JgLwkWtZ7eZGXREBeEi3riwLSy4tPOPhFAhboiMsJiBOQVmDMtxaf51uPjx+/SGC19UoBieKhsa42Qbzf3gThxy8RkJdEy/NIXuQlEZCXROv49UUB6Y2HTzj4RQIWwIjLCYgTkFZgzLcWn+dbj48fv0hgtfVKAYnicXwjXC2A3m8vgPz4JQLykmhZ7+VFXhIBeUm0rC8KSC8vPuHgFwlYoCMuJyBOQFqBMd9afJ5vPT5+/CKB1dYrBSSKh8a62gTxfnsThB+/REBeEi3PI3mRl0RAXhKt49cXBaQ3Hj7h4BcJWAAjLicgTkBagTHfWnyebz0+fvwigdXWKwUkisfxjXC1AHq/vQDy45cIyEuiZb2XF3lJBOQl0bK+KCC9vPiEg18kYIGOuJyAOAFpBcZ8a/F5vvX4+PGLBFZbrxSQKB4a62oTxPvtTRB+/BIBeUm0PI/kRV4SAXlJtI5fXxSQ3nj4hINfJGABjLicgDgBaQXGfGvxeb71+PjxiwRWW69eCsjjTUdS33nxx/t//3WPm93u4X49SH78EgF5SbS2r+XHLxGQl0TLfJMXeUkErp4XBSQZzTdee/UB9vv1Bpgfv0RAXhItG0p5kZdEQF4SLevL1fPiK1i9PDti5RcJrHbE6v1G8di8mB+/REBeEq3ta/nxSwTkJdF647XPX8Ha8x8D0tPkxy8RkJdEy4ZDXuQlEZCXRMv6Ii/yEgkoIBGXTyjvAl96bK9XW7B6kPz4JQLykmjZUMqLvCQC8pJoWV98BauXF1/B4hcJWKAjLoVf4W8Fxnxr8Xm+9fj48YsEVluvFJAoHhrrahPE++1NEH78EgF5SbQ8j+RFXhIBeUm0jl9fFJDeePiEg18kYAGMuJyAOAFpBcZ8a/F5vvX4+PGLBFZbrxSQKB7HN8LVAuj99gLIj18iIC+JlvVeXuQlEZCXRMv6ooD08uITDn6RgAU64nIC4gSkFRjzrcXn+dbj48cvElhtvVJAonhorKtNEO+3N0H48UsE5CXR8jySF3lJBOQl0Tp+fVFAeuPhEw5+kYAFMOJyAuIEpBUY863F5/nW4+PHLxJYbb1SQKJ4HN8IVwug99sLID9+iYC8JFrWe3mRl0RAXhIt64sC0suLTzj4RQIW6IjLCYgTkFZgzLcWn+dbj48fv0hgtfVKAYniobGuNkG8394E4ccvEZCXRMvzSF7kJRGQl0Tr+PVFAemNh084+EUCFsCIywmIE5BWYMy3Fp/nW4+PH79IYLX1SgGJ4nF8I1wtgN5vL4D8+CUC8pJoWe/lRV4SAXlJtKwvCkgvLz7h4BcJWKAjLicgTkBagTHfWnyebz0+fvwigdXWKwUkiofGutoE8X57E4Qfv0RAXhItzyN5kZdEQF4SrePXFwWkNx4+4eAXCVgAIy4nIE5AWoEx31p8nm89Pn78IoHV1quXAvJ405HUd1788f7ff93jZrd7uF8Pkh+/REBeEq3ta/nxSwTkJdEy3+RFXhKBq+dFAUlG843XXn2A/X69AebHLxGQl0TLhlJe5CURkJdEy/py9bz4ClYvz45Y+UUCqx2xer9RPDYv5scvEZCXRGv7Wn78EgF5SbTeeO3zV7D2/MeA9DT58UsE5CXRsuGQF3lJBOQl0bK+yIu8RAIKSMTlE8q7wJce2+vVFqweJD9+iYC8JFo2lPIiL4mAvCRa1hdfwerlxVew+EUCFuiIS+FX+FuBMd9afJ5vPT5+/CKB1dYrBSSKh8a62gTxfnsThB+/REBeEi3PI3mRl0RAXhKt49cXBaQ3Hj7h4BcJWAAjLicgTkBagTHfWnyebz0+fvwigdXWKwUkisfxjXC1AHq/vQDy45cIyEuiZb2XF3lJBOQl0bK+KCC9vPiEg18kYIGOuJyAOAFpBcZ8a/F5vvX4+PGLBFZbrxSQKB4a62oTxPvtTRB+/BIBeUm0PI/kRV4SAXlJtI5fXxSQ3nj4hINfJGABjLicgDgBaQXGfGvxeb71+PjxiwRWW68UkCgexzfC1QLo/fYCyI9fIiAviZb1Xl7kJRGQl0TL+qKA9PLiEw5+kYAFOuJyAuIEpBUY863F5/nW4+PHLxJYbb1SQKJ4aKyrTRDvtzdB+PFLBOQl0fI8khd5SQTkJdE6fn1RQHrj4RMOfpGABTDicgLiBKQVGPOtxef51uPjxy8SWG29UkCieBzfCFcLoPfbCyA/fomAvCRa1nt5kZdEQF4SLeuLAtLLi084+EUCFuiIywmIE5BWYMy3Fp/nW4+PH79IYLX1SgGJ4qGxrjZBvN/eBOHHLxGQl0TL80he5CURkJdE6/j1RQHpjYdPOPhFAhbAiMsJiBOQVmDMtxaf51uPjx+/SGC19eqlgDzedCT1nRd/vP/3X/e42e0e7teD5McvEZCXRGv7Wn78EgF5SbTMN3mRl0Tg6nlRQJLRfOO1Vx9gv19vgPnxSwTkJdGyoZQXeUkE5CXRsr5cPS++gtXLsyNWfpHAakes3m8Uj82L+fFLBOQl0dq+lh+/REBeEq03Xvv8Faw9/zEgPU1+/BIBeUm0bDjkRV4SAXlJtKwv8iIvkYACEnH5hPIu8KXH9nq1BasHyY9fIiAviZYNpbzISyIgL4mW9cVXsHp58RUsfpGABTriUvgV/lZgzLcWn+dbj48fv0hgtfVKAYniobGuNkG8394E4ccvEZCXRMvzSF7kJRGQl0Tr+PVFAemNh084+EUCFsCIywmIE5BWYMy3Fp/nW4+PH79IYLX1SgGJ4nF8I1wtgN5vL4D8+CUC8pJoWe/lRV4SAXlJtKwvCkgvLz7h4BcJWKAjLicgTkBagTHfWnyebz0+fvwigdXWKwUkiofGutoE8X57E4Qfv0RAXhItzyN5kZdEQF4SrePXFwWkNx4+4eAXCVgAIy4nIE5AWoEx31p8nm89Pn78IoHV1isFJIrH8Y1wtQB6v70A8uOXCMhLomW9lxd5SQTkJdGyviggvbz4hINfJGCBjricgDgBaQXGfGvxeb71+PjxiwRWW68UkCgeGutqE8T77U0QfvwSAXlJtDyP5EVeEgF5SbSOX18UkN54+ISDXyRgAYy4nIA4AWkFxnxr8Xm+9fj48YsEVluvFJAoHsc3wtUC6P32AsiPXyIgL4mW9V5e5CURkJdEy/qigPTy4hMOfpGABTricgLiBKQVGPOtxef51uPjxy8SWG29UkCieGisq00Q77c3QfjxSwTkJdHyPJIXeUkE5CXROn59UUB64+ETDn6RgAUw4nIC4gSkFRjzrcXn+dbj48cvElhtvXopII83HUl958Uf7//91z1udruH+/Ug+fFLBOQl0dq+lh+/REBeEi3zTV7kJRG4el4UkGQ033jt1QfY79cbYH78EgF5SbRsKOVFXhIBeUm0rC9Xz4uvYPXy7IiVXySw2hGr9xvFY/NifvwSAXlJtLav5ccvEZCXROuN1z5/BWvPfwxIT5Mfv0RAXhItGw55kZdEQF4SLeuLvMhLJKCARFw+obwLfOmxvV5twepB8uOXCMhLomVDKS/ykgjIS6JlffEVrF5efAWLXyRggY64FH6FvxUY863F5/nW4+PHLxJYbb1SQKJ4aKyrTRDvtzdB+PFLBOQl0fI8khd5SQTkJdE6fn1RQHrj4RMOfpGABTDicgLiBKQVGPOtxef51uPjxy8SWG29UkCieBzfCFcLoPfbCyA/fomAvCRa1nt5kZdEQF4SLeuLAtLLi084+EUCFuiIywmIE5BWYMy3Fp/nW4+PH79IYLX1SgGJ4qGxrjZBvN/eBOHHLxGQl0TL80he5CURkJdE6/j1RQHpjYdPOPhFAhbAiMsJiBOQVmDMtxaf51uPjx+/SGC19UoBieJxfCNcLYDeby+A/PglAvKSaFnv5UVeEgF5SbSsLwpILy8+4eAXCVigIy4nIE5AWoEx31p8nm89Pn78IoHV1isFJIqHxrraBPF+exOEH79EQF4SLc8jeZGXREBeEq3j1xcFpDcePuHgFwlYACMuJyBOQFqBMd9afJ5vPT5+/CKB1dYrBSSKx/GNcLUAer+9APLjlwjIS6JlvZcXeUkE5CXRsr4oIL28+ISDXyRggY64nIA4AWkFxnxr8Xm+9fj48YsEVluvFJAoHhrrahPE++1NEH78EgF5SbQ8j+RFXhIBeUm0jl9fFJDeePiEg18kYAGMuJyAOAFpBcZ8a/F5vvX4+PGLBFZbr14KyONNR1LfefHH+3//dY+b3e7hfj1IfvwSAXlJtLav5ccvEZCXRMt8kxd5SQSunhcFJBnNN1579QH2+/UGmB+/REBeEi0bSnmRl0RAXhIt68vV8+IrWL08O2LlFwmsdsTq/Ubx2LyYH79EQF4Sre1r+fFLBOQl0Xrjtc9fwdrzHwPS0+THLxGQl0TLhkNe5CURkJdEy/oiL/ISCSggEZdPKO8CX3psr1dbsHqQ/PglAvKSaNlQyou8JALykmhZX3wFq5cXX8HiFwlYoCMuhV/hbwXGfGvxeb71+PjxiwRWW68UkCgeGutqE8T77U0QfvwSAXlJtDyP5EVeEgF5SbSOX18UkN54+ISDXyRgAYy4nIA4AWkFxnxr8Xm+9fj48YsEVluvFJAoHsc3wtUC6P32AsiPXyIgL4mW9V5e5CURkJdEy/qigPTy4hMOfpGABTricgLiBKQVGPOtxef51uPjxy8SWG29UkCieGisq00Q77c3QfjxSwTkJdHyPJIXeUkE5CXROn59UUB64+ETDn6RgAUw4nIC4gSkFRjzrcXn+dbj48cvElhtvVJAongc3whXC6D32wsgP36JgLwkWtZ7eZGXREBeEi3riwLSy4tPOPhFAhboiMsJiBOQVmDMtxaf51uPjx+/SGC19UoBieKhsa42Qbzf3gThxy8RkJdEy/NIXuQlEZCXROv49UUB6Y2HTzj4RQIWwIjLCYgTkFZgzLcWn+dbj48fv0hgtfVKAYnicXwjXC2A3m8vgPz4JQLykmhZ7+VFXhIBeUm0rC8KSC8vPuHgFwlYoCMuJyBOQFqBMd9afJ5vPT5+/CKB1dYrBSSKh8a62gTxfnsThB+/REBeEi3PI3mRl0RAXhKt49cXBaQ3Hj7h4BcJWAAjLicgTkBagTHfWnyebz0+fvwigdXWKwUkisfxjXC1AHq/vQDy45cIyEuiZb2XF3lJBOQl0bK+fPh/NNYZyEzADXkAAAAASUVORK5CYII=',NULL,'{"points":[{"x":86,"y":45},{"x":385,"y":45},{"x":385,"y":203},{"x":86,"y":203},{"x":612,"y":45},{"x":612,"y":365},{"x":385,"y":365}],"walls":[{"doors":[],"windows":[],"points":[0,1]},{"doors":[],"windows":[],"points":[1,2]},{"doors":[],"windows":[],"points":[2,3]},{"doors":[],"windows":[],"points":[3,0]},{"doors":[],"windows":[],"points":[1,4]},{"doors":[],"windows":[],"points":[4,5]},{"doors":[],"windows":[],"points":[5,6]},{"doors":[],"windows":[],"points":[6,2]}],"rooms":[{"corner_indexs":[0,1,2,3],"wall_indexs":[0,1,2,3]},{"corner_indexs":[1,4,5,6,2],"wall_indexs":[4,5,6,7,1]}],"furnitures":[]}');
INSERT INTO "scene_scenedata" VALUES(2,'title','2013-05-22 05:00:00','<p>asdjas</p>','{"rooms":[{"points":[{"x":60,"y":61},{"x":268,"y":61},{"x":268,"y":280},{"x":60,"y":280}]},{"points":[{"x":268,"y":61},{"x":569.7142857142858,"y":61},{"x":569.7142857142858,"y":216.28571428571422},{"x":569.7142857142858,"y":404},{"x":268,"y":404},{"x":268,"y":280}]},{"points":[{"x":569.7142857142858,"y":61},{"x":718,"y":61},{"x":718,"y":216.28571428571422},{"x":569.7142857142858,"y":216.28571428571422}]}],"walls":[{"doors":[],"windows":[],"points":[{"x":60,"y":61},{"x":268,"y":61}]},{"doors":[{"width":30,"position":{"x":268,"y":148}}],"windows":[],"points":[{"x":268,"y":61},{"x":268,"y":280}]},{"doors":[{"width":30,"position":{"x":107,"y":280}}],"windows":[{"width":50,"position":{"x":190,"y":280}}],"points":[{"x":268,"y":280},{"x":60,"y":280}]},{"doors":[],"windows":[],"points":[{"x":60,"y":280},{"x":60,"y":61}]},{"doors":[],"windows":[],"points":[{"x":268,"y":61},{"x":569.7142857142858,"y":61}]},{"doors":[],"windows":[],"points":[{"x":569.7142857142858,"y":404},{"x":268,"y":404}]},{"doors":[],"windows":[],"points":[{"x":268,"y":404},{"x":268,"y":280}]},{"doors":[],"windows":[],"points":[{"x":569.7142857142858,"y":61},{"x":718,"y":61}]},{"doors":[],"windows":[],"points":[{"x":718,"y":61},{"x":718,"y":216.28571428571422}]},{"doors":[],"windows":[{"width":50,"position":{"x":651,"y":216.28571428571422}}],"points":[{"x":718,"y":216.28571428571422},{"x":569.7142857142858,"y":216.28571428571422}]},{"doors":[],"windows":[],"points":[{"x":569.7142857142858,"y":216.28571428571422},{"x":569.7142857142858,"y":61}]},{"doors":[],"windows":[],"points":[{"x":569.7142857142858,"y":216.28571428571422},{"x":569.7142857142858,"y":404}]}],"furnitures":[{"position":{"x":301,"y":300},"size":{"x":80,"y":16},"rotation":0,"rotateDeg":0,"data_model_url":"models/tv_edited_1.dae","data_rotation":"-1.57:0.0:0.0","data_size":"4.0:2.625:2.94","data_height":"4.0"},{"position":{"x":608.9285714285713,"y":87.92857142857144},"size":{"x":67,"y":41},"rotation":0,"rotateDeg":0,"data_model_url":"models/bathtub_1.dae","data_rotation":"-1.57:0.0:0.0","data_size":"1.5:0.71:0.56","data_height":"4.0"}]}',1,'data:image/png;base64,iVBORw0KGgoAAAANSUhEUgAAAyAAAAJYCAYAAACadoJwAAAgAElEQVR4Xu3dD7RlVX0n+I0gln+ASoRY0Y6UpjpgRCFBWzqaUDArI+kkiklnhU7SQHD10ED3kvSsRGcisWJ6Op0/E7GTtbRnYlsdMysanYgzacVZM6HQZA0GMQWUS5gUschyYpnIWCBoaYA357x6l3oP7nv7/s69d999zv28td4Sefv8++zv2ed+ue/PCanbxzlrmx0Ibm678WBcuERuJXmRF3k5LuB+WM77IXIPGEuAQGUCJ3Q8Hwv+ci745t28R5YMeZEXeVGUchnouk7k9uvrBAhULKCAeIEQiWfXB4Xt5EzOvBDNZcA6YZ3IZcTXCRAYiIACYsGPRNkLBHmRF0UilwHrhHUil5H1X++al8gxjCVAoDIBBcSDIhLJrg8K28mZnCkuuQxYJ6wTuYz4OgECAxFQQCz4kSh7gSAv8qJI5DJgnbBO5DLiHZCIkLEEBiiggHhQRGLthYW8yIsCksuAdcI6kcuIAhIRMpbAAAUUEA+KSKy9sJAXeVFAchmwTlgnchlRQCJCxhIYoIAC4kERibUXFvIiLwpILgPWCetELiMKSETIWAIDFFBAPCgisfbCQl7kRQHJZcA6YZ3IZUQBiQgZS2CAAgqIB0Uk1l5YyIu8KCC5DFgnrBO5jCggESFjCQxQQAHxoIjE2gsLeZEXBSSXAeuEdSKXEQUkImQsgQEKKCAeFJFYe2EhL/KigOQyYJ2wTuQyooBEhIwlMECBtoCMHhaRy9u1NvhgZKNmrO3Gg3HhErmV5EVe5OW4gPthOe+H9qoPRG4EYwkQqEdAAVnOhdsD27xHViF5kRd5UXhyGSi9TigguRnxdQIVC/gWrPGT41sIuERuW3mRF3k5LuB+cD+UuB8ixzCWAIHKBBQQD4pIJL2wkBd58UI7lwHrhHUil5H1X++al8gxjCVAoDIBBcSDIhLJrg8K28mZnCkuuQxYJ6wTuYz4OgECAxFQQCz4kSh7gSAv8qJI5DJgnbBO5DLiHZCIkLEEBiiggHhQRGLthYW8yIsCksuAdcI6kcuIAhIRMpbAAAUUEA+KSKy9sJAXeVFAchmwTlgnchlRQCJCxhIYoIAC4kERibUXFvIiLwpILgPWCetELiMKSETIWAIDFFBAPCgisfbCQl7kRQHJZcA6YZ3IZUQBiQgZS2CAAgqIB0Uk1l5YyIu8KCC5DFgnrBO5jCggESFjCQxQQAHxoIjE2gsLeZEXBSSXAeuEdSKXEQUkImQsgQEKKCAeFJFYe2EhL/KigOQyYJ2wTuQyooBEhIwlMEABBcSDIhJrLyzkRV4UkFwGrBPWiVxGFJCIkLEEBijQFpDRwyJyebvWBh+MbNSMtd14MC5cIreSvMiLvBwXcD8s5/3QXvWByI1gLAEC9QgoIMu5cHtgm/fIKiQv8iIvCk8uA6XXCQUkNyO+TqBiAd+CNX5yfAsBl8htKy/yIi/HBdwP7ocS90PkGMYSIFCZgALiQRGJpBcW8iIvXmjnMmCdsE7kMrL+613zEjmGsQQIVCaggHhQRCLZ9UFhOzmTM8UllwHrhHUilxFfJ0BgIAIKiAU/EmUvEORFXhSJXAasE9aJXEa8AxIRMpbAAAUUEA+KSKy9sJAXeVFAchmwTlgnchlRQCJCxhIYoIAC4kERibUXFvIiLwpILgPWCetELiMKSETIWAIDFFBAPCgisfbCQl7kRQHJZcA6YZ3IZUQBiQgZS2CAAgqIB0Uk1l5YyIu8KCC5DFgnrBO5jCggESFjCQxQQAHxoIjE2gsLeZEXBSSXAeuEdSKXEQUkImQsgQEKKCAeFJFYe2EhL/KigOQyYJ2wTuQyooBEhIwlMECBPhSQ/6lxv7T5PKn5/FLzeTgwD89eG/tIYJt2qO3Gg/XV5RnN5bys+dzWfP598/n55vNvx1xiX69v0ni7vmHlehHz3t5L/7D53N58Pr62Hv/Vk05EzhaXs/Y5ubP5fE7z+VDz+dvN529OGpS1cX0pkMHLMpwAgZoEai8gf9lg7aoJzLkQIECAAIEeCfxcc643Bs5XAQlgGUqAQDeBtoCMFpvIHkal4GBko3VlYpLtLmnG/0Zw/4YTIECAAAECxwUebf7xewIgJZ7v60+n6/HafRwIXJehBAhUJFBzAXlv4/SKiqycCgECBAgQ6KNA+y2ok350LQSlt1NAJp1R4whUKFDzt2D9QeN12SZmK82/73ruFU6DUyJAgAABAnMTiDwvfQvW3KbBjgkQGAlEFqX1aiUWqF9tDvgWBURYCRAgUK/A7ubULlw7vXc2/3uk3lNd5jOLPOtLPN9n8XpimefTtRPovUBkUZrFghFZ2PY0B3ybAtL7jLkAAgQGKnBlc13t98qOPtry8SIlpMbZjjzrI8/p0q8LarR1TgQIdBCILEqlF5rNC8iP/POV9Iarup57Byab9FbgjRdtfurvuaW3l+XECRQX+PXrU7r3zg2HPdT8vzOfdCK//Lor0p7Xt9VkBh9jjpm+77UpvXGzN8cDxxy3Nlz15pRe3f7+kx5+bLXWxb5lWQHp4fQ7ZQJ9E+j6Ir7EArV5Abn6hpV03du7nnvf5sj5TiPw8i1iclf7o0Q+CBCYSOCq3Sl9+tYNQ9t3PE570sZ7zzwz7d25c6Jd5gbt378/PfjggxuGPfe5z03nnNPllzduPNqtt268ltWv/sI7UvqZpmj18WOrtU4B6eOMOmcCgxbo+iJeARl0LAZ0cQrIgCbTpSxUYEwB2duc0BVPOqnrzz037d/e/p3C6T8OHTqU7r///g07Ouuss9KOHTum3vm4cpM+1vyN0hfMpjxNfYLRHSggUTHjCRBYoIACskB8hy4goIAUQHaIpRAYU0DamtH+hbtLn/ns9PXHH02/s2tX+tPTT58px8GDB9Phw4fTSSedtFo8ds7o3ZVHH3003XPPPemBBx5I6axzU7pmT0oXXzrTcy+6MwWkKLeDESAwnYACMp2frWsXUEBqnyHn1xeBMQXkiVNvfp7qwt9rXsD39OPW397X0zNfd9oKSP/n0BUQWCIBBWSJJnspL1UBWcppd9FzEFBA5oA6w10qIDPEtCsCBOYtoIDMW9j+FyuggCzW39GHI6CA1D2XCkjd8+PsCBDYIKCACMSwBRSQYc+vqysnsIAC8g/+QfOzGWsfX/jCxl8BPMsL9y1YGzRL/JKZ9QfserxZRsC+CBAoLKCAFAZ3uMICCkhhcIcbrECBAnLhhRem++47/rfUTz/9lPTlL391lfSFL/yW9Nd//ZU0jyKigCggg71vXRiBSgXaAtLlF6rvWrueg8Hrimx3bbPva8bu398BCbIv8XAFZIkn36XPVKBAAXnnO38n3Xrrn6Q///P7Vk/96DceSdue8ewNl/HSl+5In/3s4fTVr/5t8zdCvjiTS1yCAvKyAFTkOb1+t6W3a499IHBdhhIgUJGAAlLRZDiVOQgoIHNAtculFChQQNp3QH74h380feUrX0nve98fT8w87bsiCsgG6tJFouvxFJCJ7xADCdQn4Fuw6psTZzRLAQVklpr2tcwCBQrI933fq9PJJz89rayspNe//g3pt37rvROLT1NClqCARJ71XX8mo/R2E2fDQAIE6hOILErrz77EQrOnOeDbxpL5Fqz6klTrGSkgtc6M8+qbwFYF5Nf+IJ3/h7+ZnvOc50x9Ve23Yd1338F0551/kX7sx34i/cZv/M9P2efXvv6V1X/32GOPpQeP/L9THbP9g4R/9sb/IaVXXDjVfha+sd+CtfApcAIECEwuoIBMbmVkHwUUkD7OmnOuUWCrArJ2vm0BeelLX5q2bdvW+Qrab8Nqi8cf/dEHV/cxKiFt6bj33s9u2O8ZzQ+pT/PR/oX1e++999guTmn+rvuNH07plbun2eXitlVAFmfvyAQIhAUUkDCZDXoloID0arqcbMUCExSQ9uyf+9znpnPO6fK7TY5d+/d+7/nph37on6Rv+7bnrf7/toh86H8d//Mg0xSQhx9+ON1xxx0bwdsS8mfH3l3p3YcC0rspc8IElllAAVnm2V+Ga1dAlmGWXWMJgQkLyEknnZRe/epXT3VG7bsg7cfonZBxBWSa8tHu+8tf/nLz27Q2vqOyetA//IuUzj5vqvNfyMYKyELYHZQAgW4CCkg3N1v1RUAB6ctMOc/aBSYsINO+AzJiaH8WZPRtWE8uINOWj/YY498BOa15B+T43yGpfUo2nJ8C0qvpcrIEll1AAVn2BAz9+hWQoc+w6yslMEEBecYznrH67Vez+GH0X/mVf5dOPPFp6eMf/1jzt0FunctVHjp0KN1///3H9n1KUz5+4caUXn/lXI41950qIHMndgACBGYnoIDMztKeahRQQGqcFefUR4GtCsjPvyOd+3/sXS0e7bdgzerjh3/4R5p3Kr46twLSnufqOyHX/mZKz9+Z0guaz75+KCB9nTnnTWApBRSQpZz2JbpoBWSJJtulzlVgqwLynlvShb+3Zy6Hb38eZF7vgIxO2N8B2TB1JX7N/voDdj3eXPJmpwQIlBFQQMo4O8qiBBSQRck77tAEFlRA2p8FedOb/tVcNRUQBWSuAbNzAgSeIqCACMWwBRSQYc+vqysnsKACUuICFRAFpETOHIMAgeMCCog0DFtAARn2/Lq6cgIKSDnrLkfyMyBd1GxDgMCCBNoC0uUvRu1aO9+DwfOObHdts+9rxu7/6htW0nVv71qegqdseK8FFJBeT5+Tr0hAAaloMsacytYF5GWBk488p9fvtvR27bEPBK7LUAIEKhJQQCqaDKcyBwEFZA6odrmUAgpI3dOugNQ9P86OAIENAl3fRej6Wysi2+1pzvRtY+fLOyBiPKmAAjKplHEEthZQQOpOiG/Bqnt+nB0BAgqIDCyRgAKyRJPtUucqoIDMlXfqnSsgUxPaAQEC5QS8A1LO2pEWIaCALELdMYcosFUBeeGudNqDf5d27tyZtm/fPrOrf/TRR9PBgwfTI488ktq/st7ufxZ/Zb09wUcffU46dOiK9OCD35Mefknz4ws/3/zLs2d26uV3pICUN3dEAgQ6Cyggnels2AsBBaQX0+QkeyCwVQFZd/rnn3/+zErC/v37m4Lw4BN7b//K+qte9aqZ/LX1Awf+bXrggdccP/NTmn/8w+bzBT2Yi3GnqID0dOKcNoHlFFBAlnPel+eqFZDlmWtXOl+BCQvImWeeufpOxbQfR48eTZ/61KeespuXvvSl6fTTT592981fV9/31H38QvOvfmbqXS9mBwrIYtwdlQCBTgIKSCc2G/VGQAHpzVQ50coFJiwg6Zrmd4dcs2f6i3noSEqv+Zan7uc9t6T0yt3T7//lY3bxK82/e/30u17IHhSQhbA7KAEC3QQUkG5utuqLgALSl5lynrULTFJATjktpY8dSunUGf0cyJsuTemWjxyXOevclD64fzZSv9bs5n9Zt6vnN//cfgvWqbPZffG9KCDFyR2QAIHuAgpIdztb9kFAAenDLDnHPghsVUC+77Upvaj5Ce6fub75GYqds72a378xpdv3HXvX43VXzq7ctGfZdps/aT7bHz7/6R6Xj/ZaFJDZ5s7eCBCYq4ACMldeO1+4gAKy8ClwAgMR2KqAzOrbogZCtZDLUEAWwu6gBAh0E1BAurnZqi8CCkhfZsp51i6ggNQ9QwpI3fPj7AgQ2CCggAjEsAUUkGHPr6srJ6CAlLPuciQFpIuabQgQWJCAArIgeIctJKCAFIJ2mMELKCB1T7ECUvf8ODsCBJ7yDsg5HUyaPxu7+nEwuG1ku2ubfV8zdv9X37CSrnt71/IUPGXDey2ggPR6+px8RQIKSEWTMeZUti4gLwucfOQ5vX63pbdrj30gcF2GEiBQkUD7Il4BqWhCnMqMBRSQGYPa3dIKKCB1T70CUvf8ODsCBDYIdH0XYVRaov/1IbLdnuZMm79oNebDOyBiPKmAAjKplHEEthZQQOpOiG/Bqnt+nB0BAgqIDCyRgAKyRJPtUucqoIDMlXfqnSsgUxPaAQEC5QS8A1LO2pEWIaCALELdMYcooIDUPasKSN3z4+wIEPAOiAwskYACskST7VLnKqCAzJV36p0rIFMT2gEBAuUEvANSztqRFiGggCxC3TGHKKCA1D2rCkjd8+PsCBDwDogMLJGAArJEk+1S5yqggMyVd+qdKyBTE9oBAQLlBLwDUs7akRYhoIAsQt0xhyiggNQ9qwpI3fPj7AgQ8A6IDNQvsPtz+5qT7NqP113fu/ZsuNj9+/enI0eOHPt3d63UD+EMCdQioIDUMhPjz0MBqXt+nB0BAgqIDNQvsOePfjkdPu156ejTt013sp++9Yntd+7cmfbu3ZsOHTqkgEynautlFFBA6p51BaTu+XF2BAgoIDJQv0BbQPa95MLmc/d0J7vuobxnzx4FZDpNWy+zgAJS9+wrIHXPj7MjQEABkYH6Ba6/+ca0/8zzFJD6p8oZLouAAlL3TCsgdc+PsyNAQAGRgfoFrvzE3uZbsHakm8+9ZLqT9Q7IdH62JjASUEDqzoICUvf8ODsCBJ5SQM7pYLJrbZuDwW0j213b7Puasfu/+oaVdN3bZ/ATysGzN7yYwGX/9/vT9q8/mN598dXTHVMBmc7P1gQUkH5kYOsC8rLARUSe0+t3W3q79tgHAtdlKAECFQm0L+IVkIomxKkcEzjv/v3p0js+kv79j7w5HT15ih9EV0BEisBsBK7andK6X+qwYafvuSWlVzZf97E4AQVkcfaOTIBAWKDruwij0hL9rw+R7fY0V/O2sVfkHZDwRPdtg+2PHEnXf/yd6abzX7/6syCdPxSQznQ2JLBBQAGpOxC+Bavu+XF2BAhsEFBABKJagX/5f7179edAbnrFpd3PUQHpbmdLAusFFJC686CA1D0/zo4AAQVEBvohcMHB29Ild3083fjaN6Ujz97e7aQVkG5utiLwZAEFpO5MKCB1z4+zI0BAAZGBfghs++bR9C//5N3p0Ok7u78LooD0Y7KdZf0CCkjdc6SA1D0/zo4AAQVEBvojMPph9Pa3YR3eviN+4gpI3MwWBMYJKCB150IBqXt+nB0BAgqIDPRLoP2jhEdPfma3X8mrgPRrsp1tvQIKSL1z056ZAlL3/Dg7AgQUEBnol8COI4ebb8X6j6u/Dav9rVihDwUkxGUwgU0FFJC6w6GA1D0/zo4AAQVEBvonMPpWrJtf/tp0264LJr8ABWRyKyMJbCWggNSdDwWk7vlxdgQIKCAy0E+BS+68OV1w36difxtEAennZDvr+gQUkPrmZP0ZKSB1z4+zI0BAAZGB/gpc+umb0nl/fWfa95LdzeeF+QtRQPJGRhCYREABmURpcWMUkMXZOzIBAmEBf4gwTGaDRQvs/ty+tPtzt67+TMjNL3tt8wPq2zY/JQVk0dPl+EMRUEDqnkkFpO75cXYECHgHRAb6L9D+TMgld928+tux2ndD9r/w3PEXpYD0f7JdQR0CCkgd87DZWSggdc+PsyNA4CkF5JwOJrvWtjkY3Day3bXNvq8Zu/+rb1hJ172967s3wVM2vFaB7Y8cSZfecVPa+eX706EzdqZ9Z1+4+r8bPhSQWqfPefVNQAGpe8a2LiAvC5x85Dm9frelt2uPfSBwXYYSIFCRQPsiXgGpaEKcSlxg598dar4la99qETny7O3pnm8/e7WI3PPtZ2343fh79uxJe/fuTYcOHTp2kLtW4gezBYFlFVBA6p55BaTu+XF2BAhsEOj6LsKotET/60Nkuz3Nmb5t7Hx5B0SMxwic/Tf3pLaMnP3Fe9L2rz24OuLIkSOrn+3Hzp07FRDJIdBVQAHpKldmO9+CVcbZUQgQmImAAjITRjupTaD944U7v3wobfsP/13atm1b2rFjx+op3nzzzenw4cPHTtc7ILVNm/OpWUABqXl2/CX0umfH2REg8CQBBUQkhi2w1X8VVECGPfeubrYCCshsPWe9N++AzFrU/ggQmKOAAjJHXLuuQEABqWASnMIgBBSQuqdRAal7fpwdAQIbBBQQgRi2gAIy7Pl1deUEFJBy1l2OpIB0UbMNAQILElBAFgTvsIUEFJBC0A4zeAEFpO4pVkDqnh9nR4CAd0BkYIkEFJAlmmyXOlcBBWSuvFPvXAGZmtAOCBAoJ+AdkHLWjrQIAQVkEeqOOUQBBaTuWVVA6p4fZ0eAgHdAZGCJBBSQJZpslzpXAQVkrrxT71wBmZrQDggQKCfgHZBy1o60CAEFZBHqjjlEAQWk7llVQOqeH2dHgIB3QGRgiQQUkCWabJc6VwEFZK68U+9cAZma0A4IECgn4B2QctaOtAgBBWQR6o45RAEFpO5ZVUDqnh9nR4DAU94BOaeDya61bQ4Gt41sd22z72vG7v/qG1bSdW/vWp6Cp2x4rwUUkF5Pn5OvSEABqWgyxpzK1gXkZYGTjzyn1++29HbtsQ8ErstQAgQqEmhfxCsgFU2IU5mxgAIyY1C7W1oBBaTuqVdA6p4fZ0eAwAaBru8ijEpL9L8+RLbb05zp28bOl3dAxHhSAQVkUinjCGwtoIDUnRDfglX3/Dg7AgQUEBlYIgEFZIkm26XOVUABmSvv1DtXQKYmtAMCBMoJeAeknLUjLUJAAVmEumMOUUABqXtWFZC658fZESDgHRAZWCIBBWSJJtulzlVAAZkr79Q7V0CmJrQDAgTKCXgHpJy1Iy1CQAFZhLpjDlFAAal7VhWQuufH2REg4B0QGVgiAQVkiSbbpc5VQAGZK+/UO1dApia0AwIEygl4B6SctSMtQkABWYS6Yw5RQAGpe1YVkLrnx9kRIOAdEBlYIgEFZIkm26XOVUABmSvv1DtXQKYmtAMCBMoJeAeknLUjLUJAAVmEumMOUUABqXtWFZC658fZESDgHRAZWCIBBWSJJtulzlVAAZkr79Q7V0CmJrQDAgTKCXgHpJy1Iy1CQAFZhLpjDlFAAal7VhWQuufH2REg4B0QGVgiAQVkiSbbpc5VQAGZK+/UO1dApia0AwIEygm074Cc0+Fwu9a2ORjcNrLdtc2+rxm7/6tvWEnXvb3ruzfBUza81wIKSK+nz8lXJKCAVDQZY05l6wLyssDJR57T63dberv22AcC12UoAQIVCSggFU2GU5mDgAIyB1S7XEoBBaTuaVdA6p4fZ0eAwAaBru8ijN41if7Xh8h2e5ozfdvY+fIOiBhPKqCATCplHIGtBRSQuhPiW7Dqnh9nR4CAAiIDSySggCzRZLvUuQooIHPlnXrnCsjUhHZAgEA5Ae+AlLN2pEUIKCCLUHfMIQooIHXPqgJS9/w4OwIEvAMiA0skoIAs0WS71LkKKCBz5Z165wrI1IR2QIBAOQHvgJSzdqRFCCggi1B3zCEKKCB1z6oCUvf8ODsCBLwDIgNLJKCALNFku9S5Ciggc+WdeucKyNSEdkCAQDkB74CUs3akRQgoIItQd8whCiggdc+qAlL3/Dg7AgS8AyIDSySggCzRZLvUuQpsVUDmemA7n4FA5D82Rn5d/vpTK73dDFjsggCBRQlEFqXSC82e5oD+DsiikjGU4yogQ5lJ17FogZ/4npTu3b/os5jo+M973vNWtm3bNtHYeQ86fPhw+sY3vtH1WTur04scv3SR6Hq8WdnYDwECCxCILEoKyAImyCGnFFBApgS0OYE1gVdvT+mrD/aC44orrlh50Yte1PX5NtNrfO9737ty//33L/pcIsfvWghKbzfTebIzAgTKCkQWJQWk7Nw42iwEFJBZKNoHgZTOf0ZKf//NXkgoIE+ZpsizvnSR6Hq8XmTRSRIgMF4gsigpIFLUPwEFpH9z5ozrFPj+566kB/+/zZ4ZK81Jd32ezPx6FZANpI81/++kAHLXQlB6u8AlGUqAQG0C7QNjtGhEzm3X2uCDkY2asZHtrm3GXzN2/1ffsJKue3s1D7uggeElBRSQktqONWSBn3rVSjrw570oIH4GZEMQf7f5f+8MRDPynF6/29Lbtcc+ELguQwkQqEhAAaloMpzKHAQUkDmg2uVSClz5AyvpM5/sRQFZyvnZeNGPN//3aPP5/ubzHUGP0kWi6/EUkODEGk6gJoGu7yKUeKt1TwPlt2DVlJY+nosC0sdZc841CmxdQC5qTnnf2mmXeD6sF3K88XkZukuNd4lzIkBgQgEFZEIow3oqoID0dOKcdnUCCshoSob+wr4v11fdLeKECBCYXEABmdzKyD4KKCB9nDXnXKOAAqKAbJ3L0sWlxrvEOREgMKGAAjIhlGE9FVBAejpxTrs6AQVEAVFAqrstnRCBvgooIH2dOec9mYACMpmTUQRyAgqIAqKA5O4SXydAYEIBBWRCKMN6KqCA9HTinHZ1AgqIAqKAVHdbOiECfRVQQPo6c857MgEFZDInowjkBBQQBUQByd0lvk6AwIQCCsiEUIb1VEAB6enEOe3qBBQQBUQBqe62dEIE+iqggPR15pz3ZAIKyGRORhHICSggCogCkrtLfJ0AgQkFFJAJoQzrqYAC0tOJc9rVCSggCogCUt1t6YQI9FVAAenrzDnvyQQUkMmcjCKQE1BAFBAFJHeX+DoBAhMKKCATQhnWUwEFpKcT57SrE1BAFBAFpLrb0gkR6KtAW0BGf700cg271gYfjGzUjI1sd20z/pqx+7/6hpV03du7lqfgKRveawEFpNfT5+QrEti6gFzVnOnta2cbWefXX6Dtxk83l81vgwMV3SFOhQCBgIACEsAytIcCCkgPJ80pVymggIymRSGooyi1Z6GAVLlYOCkCeYGu7yKM3jWJ3vyR7fY0p/+2sZfgHZD8zBpxTEABkQQCsxHwLVgjx8hzbL297cYnsavLbHJtLwQILERAAVkIu4MWE1BAilE70MAFFBAFZOuIdy0SXbcb+A3n8ggMW0ABGfb8ujoFRAYIzEZAAVFAFJDZ3Ev2QoBAUkCEYNgCCsiw59fVlRNQQBQQBaTc/eZIBAYuoIAMfIKX/vIUkKbUNfYAACAASURBVKWPAIAZCSggCogCMqObyW4IEFBApszA9keOpB0PfSntOHJ4dU/bv3Zk9XPv918x5Z5tPhMBBWQmjHZCICkgCogCYiEgQGBGAgpIB8idf3conf3Fe5vPe1JbQEYfR551Wjr69G1px4NfSnt+bPwv8OpwOJtMI6CATKNnWwLHBRQQBUQBsSIQIDAjAQUkANkWj9333Jra/z369Geke7797HTP889Oh07fmY6evG11T+3Xrvzkf1ZAAq5zHaqAzJXXzpdIQAFRQBSQJbrhXSqB+QooIBP4tt9edcndH18tF4dOPzPte8nudOiMnWO3VEAmAC05RAEpqe1YQxZQQBQQBWTId7hrI1BUQAHJcJ93//506R0fSe23V9388ktW3/HY6kMBKZrf/MEUkLyREQQmEVBAFBAFZJI7xRgCBCYQUEC2QLrkzpvTBfd9Ku1/4bnppldcOgGnb8GaCKnkIAWkpLZjDVlAAVFAFJAh3+GujUBRAQVkDPe2bx5Nl37mI+nsv7kn3XT+69P+M8+beFK8AzIxVZmBCkgZZ0cZvoACooAoIMO/z10hgUICbQE5p8Oxdq1tczC4bWS7a5t9XzN2/1ffsJKue3vX8pQ95Us/fdPqb7h6/wWXbfqzHpvtRAHJ8pYdoICU9Xa04QpsXUCuai789rWLj6zz671sNz49XDa/qw4M94ZzZQSGLaCAPGl+d39uX9r9uVvD73yMdqOAVHbDKCCVTYjT6a2AAjKaOoWgjqLUnoUC0tsFxYkvu0DXdxFG75pEb/7IdnuayRn/xzTm9A7I6AfO973kwtXfdNXlQwHpojbHbRSQOeLa9VIJ+Bas0XRHnmPrI2K78TdMV5eluv1cLIGhCSggazPa/tzH9R9/5+qv2X3/P76s8zwrIJ3p5rOhAjIfV3tdPgEFRAHZOvVdi0TX7ZbvHnTFBAYkoICsTWb7rVcXHLwt3fja65/4o4Jd5lkB6aI2x20UkDni2vVSCSggCogCslS3vIslME8BBaTR3f7IkdV3P6b51qvRJCkg84xrh30rIB3QbEJgjIACooAoIJYGAgRmJKCANJCj33o17bsf7ZwoIDNK5qx2o4DMStJ+ll1AAVFAFJBlXwVcP4GZCSggDeVb/vd/n27bdUHnHzxfPxsKyMyyOZsdKSCzcbQXAgqIAqKAWAcIEJiRwNIXkFFhePfFV6fD23dMzaqATE042x1kCsh59+xPpz38YLrzu85NR07dPttjj9tbc7zUHC81x0tDPN78BR1hUQIKiAKigCzq7nNcAoMTWPoCcsmdN6/+0cEbL7l+JpOrgMyEcXY72aKA7H3dFemK/+0/rx7r0At2pje848Np/9mT/9X78Em+9cqU1o6XmuOl5nhpSMcLg9igVwIKiAKigPTqlnWyBGoWWPoCcv3NNza/endnuukVl85knhSQmTDObiebFJCmCqT3Puko+165O130nltmd+z1e/rI3pRu+NmN+26Ol4ZyvPmo2WtNAgqIAqKA1HRHOhcCvRboZwE5/wdW0j+6uOu5b5iwPc9Lad/Dzecjs5nHnU9P6cpvTWnPl2azP3uZUuBde8buoP234/7K5Ql3rUx5wE02b8/jXb/81C8O5XjzUbPXmgQUEAVEAanpjnQuBHot0PVFfNc/HBTZbrPXiC14+yqx67lvLCB79qS9e/emQ4cOzWQid+7cma688sq0p9mvj3oFrmxO7cnvgNz6igvT7v+07ykn/awmaf/l+UfT77/5X6Wzzz47nXTSSatjHl95PK08vnL8fx9/PD3efjb/vv3flZWV1c/2Y/9f7E8fuekjG/Z95s4z05U/255J/OOxRx9L3/Jd56T/9tyfHL/xuHdcmutLY64vfnRbLKWAAjKa9shzbH1UbDf+xunqspS3oYsmMBSBri/iuy4Yke3e0SBv9oMZMykgo7IwlAJy7rnnrpx33hx/hiGQ+v3796c777yza74CR+o+dP3PgNz//DPTFb99UzrrH52bvvnNb64WiNHHyc1VXHPKN9K73vrz6bu/+7vTCU87dlntmMcee2z18/HHmn9+/Ng/P/Hv1krIaD8f/S8fTQfuPrD6f0897dT0hh97Q3re85q34Dp8POPkZ6QXfueu9LELfuKJrR9eO+XHTjo53Xb0xPTIL155/GdOmutLN94035856XAdNumRgAKigGwd18jzfRbFrEc3j1MlQODJAu0rqdGiEdHZtTb4YGSjZmxkuxub8f/VJvufaQE5fPhwOnr0aPBSxg/ftm1b2rFjx0LeAbnwwgtXLrrooipe9N9yyy0rt956axXnsunEfuzz6YzfeWs68cgD6fBPXJ3O+yeXpt87enf6wAc+kL7xzW9s2KwtFU2hSqeeemo64YRjlzV6h2PD/zZvzrXvirQf60vMaGcPPfRQevTvH03f+tzm+/Sm+DjxxBPTc579nPQdL/yOjXtpDv3tO1+U/vK/vjy9+74vp9RcX2quLzXXly6ezc85TXHaNu2zwNYF5Krm0m5fu7zIOr9exHbj88Fl8/vm2H/R8UGAQO8E+lpAZgLdFoVLLrlkJvt68k7ad1VKfyggQfFTml+7+9UjT2z0/W/7H9PF6aH0wFceSKecckpwZ3UMb8vRF7/4xfRDr3tD+ql/fnl69KHj15d+oXlT8Wdm89ve6rhaZ1FUQAEZcSsEdRSl9iwUkKKLgIMRmJ1A1/9CXeKt1tc0l/nJ2V3q8PfkW7Cmm+PTzzgjXXzRRekF3/GC9KxnPWu6nS1o67aAfOELX0h/dfCv0ic+8YmNZ9H+6t/mXR8fBDoJ+BasEVuJ59/6KXK8ToG1EQECNQvUXEBat99tPt9YM6BzG47Ac57znPSLv/iL6d6/vDe1/9z144T1vx+h+Zao5puyNt3V6Nu5RgO2Gjvp+TzwwAPppKedlN73vvdt3OSU01L6s3XviEy6Q+MItAIKiAKy9Z1Quii5LwkQ6LFA7QWkpW3fCfm55rP9M9V3N5+RV1DftjY3fxucI9uNB+ujy7jftjv26v7Ff/Mv0r/5uX+T7rjjjtWfCRr9JqsnftvV2g+Vj37T1erPfrS/BWvtN1+1//+JbdZ+I9bqvxv9tqy1H2xvf4j9aSc8bfWz/ee2hDztac0/t/+7/t+t/fOT/91obDt+tK/1+3j+C56fTjrxpPSDP/iDG6/zp9+U0pvbH63yQaCDgAKigCggHW4cmxAgME6gDwWkPe/S/2XF8cbfL3102fzth/aPADZ/n+Nb/+ru9M9+6p+lt7z5LU/8ZqvRb7ha/d/mt1utFoumbIx+09Vq6Rh9tr8Bq/1NWE3RWP3ftX8/+ufR9u1vymo/2tLQ/hB5WyxW/7cpH+M+T3xa87UTt/haW1raMjPavi01zfi2fLT//lO3fSq99Zd+Kd37+MnHfgD9mj1WQQLdBRQQBUQB6X7/2JIAgQ0CCshwXmhHot3HItH1+jYvINc0b46s/XHAF33XWemnr742bXvmM1ePM/r7HccOupKe/djfp9v+9JPplFNPWS0aq99VtfbtVU/8Fqy1vwkyesfjia8f+4f02QOfTZ/97GdX93jGt52RXvOa16STTz559Z2P1W/bWrsbR9+W9eR/t/7/tyXj1O3b0wv/4Vmr3+I1+ravJ7Zt9nnzH5+fPv7H33vsEl7ZfLa/2PrUCKOxQxS48hN7m6zFl/6P/ta/W/nb+/6fsRtedtllf9H8jZyrmr9/tL8xW6b1JRIRLrN93kbsjSVAoDKB+FPo2AVYSGe7kPKcn+fEf9p8+6WXpxf86n96ypmc2Hwb1e+c8Y30e//99ek7d33nhnIy+lW7G94RedLf/2h3eO8996YPffBDG/b98pe/PP3o63+005LQvnNy6otfkv7glf907PZH/s8T0n3/+sSNX3td83//bafD2WhAAnv+6JfT4dOel44+fVvoqj76jl/dtIBcfvnlKy9+8YsvbgrIPs+HTVmt87Nd50P5NZgAgboEFJDZLogeMPV5TlxAVk/9rvHDP7zjaPrdn/2n6Wtf/1pqvzWq/Vj/A+Ojd0w2vnNyHOPzn/98OvT5Q0/RuejiizqtCO23c/3gT1+e3npB++cXxny8q/l37eeTP+7qdDgbDUigLSD7XnJh87k7dlVbfAuWAjIRpefDbJ8PE6EbRIBAnQIKyGwXRA+Y+jwnLyBnnZvSB9vvIJnDx+83P/z96+3vUlj3MdfjNcf59Sddx1nN///gHK7NLnslcP3NN6b9Z56ngHgnf7Pc9uU51qv7zskSILBRQAGp7wVzJKN9eVAs8jw3LyBtAbj3zuPeN354fn8tvP2DgG/cXfB4zWW1v8D63nVxan8B1sWReBk7RIH2Z0AOn7Yj3Xxu8I+wegdkFIdFrmeRSA79PCMWxhIgUJmAAqKARCLZxwfa5gXkT7+S0i03Hftr6Bc1vyWq/UN98/xoS0jR4zUX0/yir/TV5rP9Tq8XzPPi7LsvApd++qa046EvpXdffHXslBUQBWTrxJR+PsTyazQBAlUJKCAKSCSQpR8wszje5gVkk5/3iIAYS6BvAufdvz9desdH0o2vfVM68uz2zytN+KGAKCAKyIQ3i2EECOQEFBAFJJeR9V+fRSEofTwFJCJu7OAFtn3zaHrLH/9auun816/+LMjEHwqIAqKATHy7GEiAwNYCbQEZvaiMWO1aG3wwslEz1nbjwbjMz+XuTTPqHZDg7Wv4UATanwNpfw3v+//xZZNfUqaAfO1rX3vjhz70odut85uSWudnu863ezsweYCNJECgJgEFZLYLogdMfZ4KSE0rjnOpQqDTt2EpIKO5s87Xsc4rIFWsJk6CQDcB34I13q2P32oUScAyXZ9vwYokw9ilEWh/He+RZ39L2vv9V0x2zb4Fa+S0TOvnZNk4Nqq0S+TcjCVAoDIBBUQBiUSy9ANmFsdTQCIzbOzSCIzeBWkLyKEzduavWwFRQLZOySzW63wOjSBAYBACCogCEgly6QfMLI6ngERm2NilEmh/FmTbo99Ie19zRTp68ratr10BUUAUkKVaH1wsgXkKKCAKSCRfsygEpY+ngETEjV0qgR1HDqcrP7m3eQfkRen9F/ykAjLZ7PdxHZzsyo6N6sv1Ra7JWAIEKhNQQBSQSCT78mBaf54KSGSGjV06gbP/5p502W0fSLd956u2/uvo3gHxDoh3QJZufXDBBOYloIAoIJFsKSARLWMJ9ETggoO3pUvu+vjWfxtEAVFAFJCe3NFOk0D9AgqIAhJJqQIS0TKWQI8ELrnz5nTBfZ9a/eOE7R8pfMqHAqKAKCA9uqOdKoG6BRQQBSSSUAUkomUsgZ4JjH4zVvtbsd7/qp/c+IPpCogCooD07I52ugTqFVBAFJBIOhWQiJaxBHooMPrB9JROSPtesjvdtutVx65CAVFAFJAe3tFOmUCdAgqIAhJJpgIS0TKWQE8Ftj9yJO3+3L503l/f2fyxwu2rRWT/L/3rlfSZT459Zlx++eUrL37xiy/es2fPvuaS+7hORGbK9dXx3IzMmbEECFQmoIDUsZB6oM1vHvwWrMoWHafTH4G2iFx6x01p55fvT7/73r0rX7j/kAKiYG0W4NLPsf7cSM6UAIGnCCgg83vhG4lb6YV7mY6ngESSaCyBMQLtt2U9fPUlKw9/7k4FRAFRQKwSBAhMLdA+TEYvRiM727U2+GBko2as7caDcZmfy92bZvSuzbtJMNeGExi+wBY/A/LjP/7j93z9619/60c/+tF7rfObRsE6P9t1vt3bgeHfeK6QwDAFFJDZLogeMPV5KiDDXLtcVWmBLQpIcypXNZ+3r52SdbC+dTCSlr7MnwISmVVjCVQm4Fuwxk/IMn2LUiSSfXTxLViRGTaWwGYCWxeQi5rN9q1t2sd1IjLvrq+O52ZkzowlQKAyAQWkjoXUA21+86CAVLboOJ2eCiggo4mzXs9vve7pzeG0CRCICiggdSykHmjzmwcFJLoqGE9gnIACooBsfWeUfo65TwkQ6LGAAjK/F76RWJReuJfpeApIJInGEthMQAFRQBQQ6wMBAjMSUEAUkEiU+lhcFJDIDBtLQAHJZaCP62DumtZ/vS/XF7kmYwkQqExAAVFAIpHsy4Np/XkqIJEZNpaAApLLQB/Xwdw1KSARIWMJEJhaQAFRQCIh6uODVwGJzLCxBBSQXAb6uA7mrkkBiQgZS4DA1AIKiAISCVEfH7wKSGSGjSWggOQy0Md1MHdNCkhEyFgCBKYWUEAUkEiI+vjgVUAiM2wsAQUkl4E+roO5a1JAIkLGEiAwtYACooBEQtTHB68CEplhYwkoILkM9HEdzF2TAhIRMpYAgakFFBAFJBKiPj54FZDIDBtLQAHJZaCP62DumhSQiJCxBAhMLaCAKCCREPXxwauARGbYWAIKSC4DfVwHc9ekgESEjCVAYGqBtoCMFtPIznatDT4Y2agZa7vxYFzm53L3phm9a/NuEsy14QSGL7D1HyK8qgG4fQ3Beja/9SySs6HPQ2txIAJiLAEC9QgoIB4UkTT28YGmgERm2FgCmwkoICOZPq6DkVz35foUkMisGkugMgHfgjV+QrzFPhwX34JV2aLjdHoqsHUBuai5qn1rV2b9HM76GQlr6XmPnJuxBAhUJqCAeFBEIln6ATOL4ykgkRk2lkC3d0AUkHxyZrGe5Y9yfMTQjxexMJYAgcoEFBAFJBLJPj7QFJDIDBtLQAHJZaCP62DumtZ/vS/XF7kmYwkQqExAAVFAIpHsy4Np/XkqIJEZNpaAApLLQB/Xwdw1KSARIWMJEJhaQAFRQCIh6uODVwGJzLCxBBSQXAb6uA7mrkkBiQgZS4DA1AIKiAISCVEfH7wKSGSGjSWggOQy0Md1MHdNCkhEyFgCBKYWUEAUkEiI+vjgVUAiM2wsAQUkl4E+roO5a1JAIkLGEiAwtYACooBEQtTHB68CEplhYwkoILkM9HEdzF2TAhIRMpYAgakFFBAFJBKiPj54FZDIDBtLQAHJZaCP62DumhSQiJCxBAhMLaCAKCCREPXxwauARGbYWAIKSC4DfVwHc9ekgESEjCVAYGoBBUQBiYSojw9eBSQyw8YSUEByGejjOpi7JgUkImQsAQJTCyggCkgkRH188CogkRk2loACkstAH9fB3DUpIBEhYwkQmFqgLSCjxTSys11rgw9GNmrG2m48GJf5udy9aUbv2rybBHNtOIHhC1z5AyvpM5/c7D9aXdUA3L6GYD2b33oWydnQ56G1OBABMZYAgXoEFBAPikga+/hAU0AiM2wsgc0EFJCRTB/XwUiu+3J9CkhkVo0lUJmAb8EaPyHeYh+Oi2/BqmzRcTo9Fdi6gFzUXNW+tSuzfg5n/YyEtfS8R87NWAIEKhNQQDwoIpEs/YCZxfEUkMgMG0ug2zsgCkg+ObNYz/JHOT5i6MeLWBhLgEBlAgqIAhKJZB8faApIZIaNJaCA5DLQx3Uwd03rv96X64tck7EECFQmoIAoIJFI9uXBtP48FZDIDBtLQAHJZaCP62DumhSQiJCxBAhMLaCAKCCREPXxwauARGbYWAIKSC4DfVwHc9ekgESEjCVAYGoBBUQBiYSojw9eBSQyw8YSUEByGejjOpi7JgUkImQsAQJTCyggCkgkRH188CogkRk2loACkstAH9fB3DUpIBEhYwkQmFpAAVFAIiHq44NXAYnMsLEEFJBcBvq4DuauSQGJCBlLgMDUAgqIAhIJUR8fvApIZIaNJaCA5DLQx3Uwd00KSETIWAIEphZQQBSQSIj6+OBVQCIzbCwBBSSXgT6ug7lrUkAiQsYSIDC1gAKigERC1McHrwISmWFjCSgguQz0cR3MXZMCEhEylgCBqQUUEAUkEqI+PngVkMgMG0tAAclloI/rYO6aFJCIkLEECEwt0BaQ0WIa2dmutcEHIxs1Y203HozL/Fzu3jSjd23eTYK5NpzA8AWu/IGV9JlPbvYfra5qAG5fQ7CezW89i+Rs6PPQWhyIgBhLgEA9AgqIB0UkjX18oCkgkRk2lsBmAgrISKaP62Ak1325PgUkMqvGEqhMwLdgjZ8Qb7EPx8W3YFW26DidngpsXUAuaq5q39qVWT+Hs35Gwlp63iPnZiwBApUJKCAeFJFIln7AzOJ4Ckhkho0l0O0dEAUkn5xZrGf5oxwfMfTjRSyMJUCgMgEFRAGJRLKPDzQFJDLDxhJQQHIZ6OM6mLum9V/vy/VFrslYAgQqE1BAFJBIJPvyYFp/ngpIZIaNJaCA5DLQx3Uwd00KSETIWAIEphZQQBSQSIj6+OBVQCIzbCwBBSSXgT6ug7lrUkAiQsYSIDC1gAKigERC1McHrwISmWFjCSgguQz0cR3MXZMCEhEylgCBqQUUEAUkEqI+PngVkMgMG0tAAclloI/rYO6aFJCIkLEECEwtoIAoIJEQ9fHBq4BEZthYAgpILgN9XAdz16SARISMJUBgagEFRAGJhKiPD14FJDLDxhJQQHIZ6OM6mLsmBSQiZCwBAlMLKCAKSCREfXzwKiCRGTaWgAKSy0Af18HcNSkgESFjCRCYWkABUUAiIerjg1cBicywsQQUkFwG+rgO5q5JAYkIGUuAwNQCCogCEglRHx+8Ckhkho0loIDkMtDHdTB3TQpIRMhYAgSmFmgLyGgxjexs19rgg5GNmrG2Gw/GZX4ud2+a0VfuDsbXcAJLLPC5z6ykhx/a7D9aXdXI3L6mYz2b33oWCeDQ56G1OBABMZYAgXoEFBAPikga+/hA27yARK7cWAIE2ncTFRD/IW2zO6H080EBsSYR6LGAb8EaP3neYh+Oy+bfgtXjG9epE1iAwFYF5KLmfPatnZP1czjrZyRmpec9cm7GEiBQmYAC4kERiWTpB8wsjqeARGbYWALdBH6u2exGBWRLvFmsZ5HZGfrxIhbGEiBQmYACooBEItnHB9qR5gJPi1yksQQIhAUua7b4gAKigDQC0Z/L6PpcCYfUBgQI1COggCggkTR2fVAscrsPNxd4aeQijSVAICRwtBn9zHVbLPJ+j5y48+z38y8y18YSIFCZgALS7wXYA3Sy+dvXDLuwsnvP6RAYgsCDzUWc23zer4Bkp9N6Pdl6nYU0gACB/gsoILNdED1g6vU8szm1NzSfh9c+x53pi9b+5eeDt7btxoNxGa7Lec2lfbH5HH3b1fortQ7Wuw5OsrT1Zf4muRZjCBCoVEAB8aCIRLMvDybnKddyfVzA/eB+GOL9ELkmYwkQqExAAfFgikTSCxl5kRcv7HMZsE5YJ3IZmcU7ZpFjGEuAQGUCCogHRSSSXljIi7woILkMWCesE7mMKCARIWMJDFBAAfGgiMTaCwt5kRcFJJcB64R1IpcRBSQiZCyBAQooIB4UkVh7YSEv8qKA5DJgnbBO5DKigESEjCUwQAEFxIMiEmsvLORFXhSQXAasE9aJXEYUkIiQsQQGKNAWkNHDInJ5u9YGH4xs1Iy13XgwLlwit5K8yIu8HBdwPyzn/dBedfSvrkfuG2MJEJijgAKynAu3B7Z5jywr8iIv8qLw5DJQep1QQHIz4usEKhbwLVjjJ8e3EHCJ3LbyIi/yclzA/eB+KHE/RI5hLAEClQkoIB4UkUh6YSEv8uKFdi4D1gnrRC4j67/eNS+RYxhLgEBlAgqIB0Ukkl0fFLaTMzlTXHIZsE5YJ3IZ8XUCBAYioIBY8CNR9gJBXuRFkchlwDphnchlxDsgESFjCQxQQAHxoIjE2gsLeZEXBSSXAeuEdSKXEQUkImQsgQEKKCAeFJFYe2EhL/KigOQyYJ2wTuQyooBEhIwlMEABBcSDIhJrLyzkRV4UkFwGrBPWiVxGFJCIkLEEBiiggHhQRGLthYW8yIsCksuAdcI6kcuIAhIRMpbAAAUUEA+KSKy9sJAXeVFAchmwTlgnchlRQCJCxhIYoIAC4kERibUXFvIiLwpILgPWCetELiMKSETIWAIDFFBAPCgisfbCQl7kRQHJZcA6YZ3IZUQBiQgZS2CAAgqIB0Uk1l5YyIu8KCC5DFgnrBO5jCggESFjCQxQoC0go4dF5PJ2rQ0+GNmoGWu78WBcuERuJXmRF3k5LuB+WM77ob3qA5EbwVgCBOoRUECWc+H2wDbvkVVIXuRFXhSeXAZKrxMKSG5GfJ1AxQK+BWv85PgWAi6R21Ze5EVejgu4H9wPJe6HyDGMJUCgMgEFxIMiEkkvLORFXrzQzmXAOmGdyGVk/de75iVyDGMJEKhMQAHxoIhEsuuDwnZyJmeKSy4D1gnrRC4jvk6AwEAEFBALfiTKXiDIi7woErkMWCesE7mMeAckImQsgQEKKCAeFJFYe2EhL/KigOQyYJ2wTuQyooBEhIwlMEABBcSDIhJrLyzkRV4UkFwGrBPWiVxGFJCIkLEEBiiggHhQRGLthYW8yIsCksuAdcI6kcuIAhIRMpbAAAUUEA+KSKy9sJAXeVFAchmwTlgnchlRQCJCxhIYoIAC4kERibUXFvIiLwpILgPWCetELiMKSETIWAIDFFBAPCgisfbCQl7kRQHJZcA6YZ3IZUQBiQgZS2CAAgqIB0Uk1l5YyIu8KCC5DFgnrBO5jCggESFjCQxQQAHxoIjE2gsLeZEXBSSXAeuEdSKXEQUkImQsgQEKtAVk9LCIXN6utcEHIxs1Y203HowLl8itJC/yIi/HBdwPy3k/tFd9IHIjGEuAQD0CCshyLtwe2OY9sgrJi7zIi8KTy0DpdUIByc2IrxOoWMC3YI2fHN9CwCVy28qLvMjLcQH3g/uhxP0QOYaxBAhUJqCAeFBEIumFhbzIixfauQxYJ6wTuYys/3rXvESOYSwBApUJKCAeFJFIdn1Q2E7O5ExxyWXAOmGdyGXE1wkQGIiAAmLBj0TZCwR5kRdFIpcB64R1IpcR74BEhIwlMEABBcSDIhJrLyzkRV4UkFwGrBPWiVxGFJCIkLEEBiigjJ6BvwAAFw9JREFUgHhQRGLthYW8yIsCksuAdcI6kcuIAhIRMpbAAAUUEA+KSKy9sJAXeVFAchmwTlgnchlRQCJCxhIYoIAC4kERibUXFvIiLwpILgPWCetELiMKSETIWAIDFFBAPCgisfbCQl7kRQHJZcA6YZ3IZUQBiQgZS2CAAgqIB0Uk1l5YyIu8KCC5DFgnrBO5jCggESFjCQxQQAHxoIjE2gsLeZEXBSSXAeuEdSKXEQUkImQsgQEKKCAeFJFYe2EhL/KigOQyYJ2wTuQyooBEhIwlMECBtoCMHhaRy9u1NvhgZKNmrO3Gg3HhErmV5EVe5OW4gPthOe+H9qoPRG4EYwkQqEdAAVnOhdsD27xHViF5kRd5UXhyGSi9TigguRnxdQIVC/gWrPGT41sIuERuW3mRF3k5LuB+cD+UuB8ixzCWAIHKBBQQD4pIJL2wkBd58UI7lwHrhHUil5H1X++al8gxjCVAoDIBBcSDIhLJrg8K28mZnCkuuQxYJ6wTuYz4OgECAxFQQCz4kSh7gSAv8qJI5DJgnbBO5DLiHZCIkLEEBiiggHhQRGLthYW8yIsCksuAdcI6kcuIAhIRMpbAAAUUEA+KSKy9sJAXeVFAchmwTlgnchlRQCJCxhIYoIAC4kERibUXFvIiLwpILgPWCetELiMKSETIWAIDFFBAPCgisfbCQl7kRQHJZcA6YZ3IZUQBiQgZS2CAAgqIB0Uk1l5YyIu8KCC5DFgnrBO5jCggESFjCQxQQAHxoIjE2gsLeZEXBSSXAeuEdSKXEQUkImQsgQEKKCAeFJFYe2EhL/KigOQyYJ2wTuQyooBEhIwlMEABBcSDIhJrLyzkRV4UkFwGrBPWiVxGFJCIkLEEBijQFpDRwyJyebvWBh+MbNSMtd14MC5cIreSvMiLvBwXcD8s5/3QXvWByI1gLAEC9QgoIMu5cHtgm/fIKiQv8iIvCk8uA6XXCQUkNyO+TqBiAd+CNX5yfAsBl8htKy/yIi/HBdwP7ocS90PkGMYSIFCZgALiQRGJpBcW8iIvXmjnMmCdsE7kMrL+613zEjmGsQQIVCaggHhQRCLZ9UFhOzmTM8UllwHrhHUilxFfJ0BgIAIKiAU/EmUvEORFXhSJXAasE9aJXEa8AxIRMpbAAAUUEA+KSKy9sJAXeVFAchmwTlgnchlRQCJCxhIYoIAC4kERibUXFvIiLwpILgPWCetELiMKSETIWAIDFFBAPCgisfbCQl7kRQHJZcA6YZ3IZUQBiQgZS2CAAgqIB0Uk1l5YyIu8KCC5DFgnrBO5jCggESFjCQxQQAHxoIjE2gsLeZEXBSSXAeuEdSKXEQUkImQsgQEKKCAeFJFYe2EhL/KigOQyYJ2wTuQyooBEhIwlMEABBcSDIhJrLyzkRV4UkFwGrBPWiVxGFJCIkLEEBiiggHhQRGLthYW8yIsCksuAdcI6kcuIAhIRMpbAAAXaAjJ6WEQub9fa4IORjZqxthsPxoVL5FaSF3mRl+MC7oflvB/aqz4QuRGMJUCgHgEFZDkXbg9s8x5ZheRFXuRF4clloPQ6oYDkZsTXCVQs4Fuwxk+ObyHgErlt5UVe5OW4gPvB/VDifogcw1gCBCoTUEA8KCKR9MJCXuTFC+1cBqwT1olcRtZ/vWteIscwlgCBygQUEA+KSCS7PihsJ2dyprjkMmCdsE7kMuLrBAgMREABseBHouwFgrzIiyKRy4B1wjqRy4h3QCJCxhIYoIAC4kERibUXFvIiLwpILgPWCetELiMKSETIWAIDFFBAPCgisfbCQl7kRQHJZcA6YZ3IZUQBiQgZS2CAAgqIB0Uk1l5YyIu8KCC5DFgnrBO5jCggESFjCQxQQAHxoIjE2gsLeZEXBSSXAeuEdSKXEQUkImQsgQEKKCAeFJFYe2EhL/KigOQyYJ2wTuQyooBEhIwlMEABBcSDIhJrLyzkRV4UkFwGrBPWiVxGFJCIkLEEBiiggHhQRGLthYW8yIsCksuAdcI6kcuIAhIRMpbAAAUUEA+KSKy9sJAXeVFAchmwTlgnchlRQCJCxhIYoEBbQEYPi8jl7VobfDCyUTPWduPBuHCJ3EryIi/yclzA/bCc90N71QciN4KxBAjUI6CALOfC7YFt3iOrkLzIi7woPLkMlF4nFJDcjPg6gYoFfAvW+MnxLQRcIretvMiLvBwXcD+4H0rcD5FjGEuAQGUCCogHRSSSXljIi7x4oZ3LgHXCOpHLyPqvd81L5BjGEiBQmYAC4kERiWTXB4Xt5EzOFJdcBqwT1olcRnydAIGBCCggFvxIlL1AkBd5USRyGbBOWCdyGfEOSETIWAIDFFBAPCgisfbCQl7kRQHJZcA6YZ3IZUQBiQgZS2CAAgqIB0Uk1l5YyIu8KCC5DFgnrBO5jCggESFjCQxQQAHxoIjE2gsLeZEXBSSXAeuEdSKXEQUkImQsgQEKKCAeFJFYe2EhL/KigOQyYJ2wTuQyooBEhIwlMEABBcSDIhJrLyzkRV4UkFwGrBPWiVxGFJCIkLEEBiiggHhQRGLthYW8yIsCksuAdcI6kcuIAhIRMpbAAAUUEA+KSKy9sJAXeVFAchmwTlgnchlRQCJCxhIYoIAC4kERibUXFvIiLwpILgPWCetELiMKSETIWAIDFGgLyOhhEbm8XWuDD0Y2asbabjwYFy6RW0le5EVejgu4H5bzfmiv+kDkRjCWAIF6BBSQ5Vy4PbDNe2QVkhd5kReFJ5eB0uuEApKbEV8nULGAb8EaPzm+hYBL5LaVF3mRl+MC7gf3Q4n7IXIMYwkQqExAAfGgiETSCwt5kRcvtHMZsE5YJ3IZWf/1rnmJHMNYAgQqE1BAPCgikez6oLCdnMmZ4pLLgHXCOpHLiK8TIDAQAQXEgh+JshcI8iIvikQuA9YJ60QuI94BiQgZS2CAAgqIB0Uk1l5YyIu8KCC5DFgnrBO5jCggESFjCQxQQAHxoIjE2gsLeZEXBSSXAeuEdSKXEQUkImQsgQEKKCAeFJFYe2EhL/KigOQyYJ2wTuQyooBEhIwlMEABBcSDIhJrLyzkRV4UkFwGrBPWiVxGFJCIkLEEBiiggHhQRGLthYW8yIsCksuAdcI6kcuIAhIRMpbAAAUUEA+KSKy9sJAXeVFAchmwTlgnchlRQCJCxhIYoIAC4kERibUXFvIiLwpILgPWCetELiMKSETIWAIDFFBAPCgisfbCQl7kRQHJZcA6YZ3IZUQBiQgZS2CAAm0BGT0sIpe3a23wwchGzVjbjQfjwiVyK8mLvMjLcQH3w3LeD+1VH4jcCMYSIFCPgAKynAu3B7Z5j6xC8iIv8qLw5DJQep1QQHIz4usEKhbwLVjjJ8e3EHCJ3LbyIi/yclzA/eB+KHE/RI5hLAEClQkoIB4UkUh6YSEv8uKFdi4D1gnrRC4j67/eNS+RYxhLgEBlAgqIB0Ukkl0fFLaTMzlTXHIZsE5YJ3IZ8XUCBAYioIBY8CNR9gJBXuRFkchlwDphnchlxDsgESFjCQxQQAHxoIjE2gsLeZEXBSSXAeuEdSKXEQUkImQsgQEKKCAeFJFYe2EhL/KigOQyYJ2wTuQyooBEhIwlMEABBcSDIhJrLyzkRV4UkFwGrBPWiVxGFJCIkLEEBiiggHhQRGLthYW8yIsCksuAdcI6kcuIAhIRMpbAAAUUEA+KSKy9sJAXeVFAchmwTlgnchlRQCJCxhIYoIAC4kERibUXFvIiLwpILgPWCetELiMKSETIWAIDFFBAPCgisfbCQl7kRQHJZcA6YZ3IZUQBiQgZS2CAAgqIB0Uk1l5YyIu8KCC5DFgnrBO5jCggESFjCQxQQAHxoIjE2gsLeZEXBSSXAeuEdSKXEQUkImQsgQEKdC0gA6RwSQQIECBAgAABAgQIzFtAAZm3sP0TIECAAAECBAgQIPCEgAIiDAQIECBAgAABAgQIFBNQQIpROxABAgQIECBAgAABAgqIDBAgQIAAAQIECBAgUExAASlG7UAECBAgQIAAAQIECCggMkCAAAECBAgQIECAQDEBBaQYtQMRIECAAAECBAgQIKCAyAABAgQIECBAgAABAsUEFJBi1A5EgAABAgQIECBAgIACIgMECBAgQIAAAQIECBQTUECKUTsQAQIECBAgQIAAAQIKiAwQIECAAAECBAgQIFBMQAEpRu1ABAgQIECAAAECBAgoIDJAgAABAgQIECBAgEAxAQWkGLUDESBAgAABAgQIECCggMgAAQIECBAgQIAAAQLFBBSQYtQORIAAAQIECBAgQICAAiIDBAgQIECAAAECBAgUE1BAilE7EAECBAgQIECAAAECCogMECBAgAABAgQIECBQTEABKUbtQAQIECBAgAABAgQIKCAyQIAAAQIECBAgQIBAMQEFpBi1AxEgQIAAAQIECBAgoIDIAAECBAgQIECAAAECxQQUkGLUDkSAAAECBAgQIECAgAIiAwQIECBAgAABAgQIFBNQQIpROxABAgQIECBAgAABAgqIDBAgQIAAAQIECBAgUExAASlG7UAECBAgQIAAAQIECCggMkCAAAECBAgQIECAQDEBBaQYtQMRIECAAAECBAgQIKCAyAABAgQIECBAgAABAsUEFJBi1A5EgAABAgQIECBAgIACIgMECBAgQIAAAQIECBQTUECKUTsQAQIECBAgQIAAAQIKiAwQIECAAAECBAgQIFBMQAEpRu1ABAgQIECAAAECBAgoIDJAgAABAgQIECBAgEAxAQWkGLUDESBAgAABAgQIECCggMgAAQIECBAgQIAAAQLFBBSQYtQORIAAAQIECBAgQICAAiIDBAgQIECAAAECBAgUE1BAilE7EAECBAgQIECAAAECCogMECBAgAABAgQIECBQTEABKUbtQAQIECBAgAABAgQIKCAyQIAAAQIECBAgQIBAMQEFpBi1AxEgQIAAAQIECBAgoIDIAAECBAgQIECAAAECxQQUkGLUDkSAAAECBAgQIECAgAIiAwQIECBAgAABAgQIFBNQQIpROxABAgQIECBAgAABAgqIDBAgQIAAAQIECBAgUExAASlG7UAECBAgQIAAAQIECCggMkCAAAECBAgQIECAQDEBBaQYtQMRIECAAAECBAgQIKCAyAABAgQIECBAgAABAsUEFJBi1A5EgAABAgQIECBAgIACIgMECBAgQIAAAQIECBQTUECKUTsQAQIECBAgQIAAAQIKiAwQIECAAAECBAgQIFBMQAEpRu1ABAgQIECAAAECBAgoIDJAgAABAgQIECBAgEAxAQWkGLUDESBAgAABAgQIECCggMgAAQIECBAgQIAAAQLFBBSQYtQORIAAAQIECBAgQICAAiIDBAgQIECAAAECBAgUE1BAilE7EAECBAgQIECAAAECCogMECBAgAABAgQIECBQTEABKUbtQAQIECBAgAABAgQIKCAyQIAAAQIECBAgQIBAMQEFpBi1AxEgQIAAAQIECBAgoIDIAAECBAgQIECAAAECxQQUkGLUDkSAAAECBAgQIECAgAIiAwQIECBAgAABAgQIFBNQQIpROxABAgQIECBAgAABAgqIDBAgQIAAAQIECBAgUExAASlG7UAECBAgQIAAAQIECCggMkCAAAECBAgQIECAQDEBBaQYtQMRIECAAAECBAgQIKCAyAABAgQIECBAgAABAsUEFJBi1A5EgAABAgQIECBAgIACIgMECBAgQIAAAQIECBQTUECKUTsQAQIECBAgQIAAAQIKiAwQIECAAAECBAgQIFBMQAEpRu1ABAgQIECAAAECBAgoIDJAgAABAgQIECBAgEAxAQWkGLUDESBAgAABAgQIECCggMgAAQIECBAgQIAAAQLFBBSQYtQORIAAAQIECBAgQICAAiIDBAgQIECAAAECBAgUE1BAilE7EAECBAgQIECAAAECCogMECBAgAABAgQIECBQTEABKUbtQAQIECBAgAABAgQIKCAyQIAAAQIECBAgQIBAMQEFpBi1AxEgQIAAAQIECBAgoIDIAAECBAgQIECAAAECxQQUkGLUDkSAAAECBAgQIECAgAIiAwQIECBAgAABAgQIFBNQQIpROxABAgQIECBAgAABAgqIDBAgQIAAAQIECBAgUExAASlG7UAECBAgQIAAAQIECCggMkCAAAECBAgQIECAQDEBBaQYtQMRIECAAAECBAgQIKCAyAABAgQIECBAgAABAsUEFJBi1A5EgAABAgQIECBAgIACIgMECBAgQIAAAQIECBQTUECKUTsQAQIECBAgQIAAAQIKiAwQIECAAAECBAgQIFBMQAEpRu1ABAgQIECAAAECBAgoIDJAgAABAgQIECBAgEAxAQWkGLUDESBAgAABAgQIECCggMgAAQIECBAgQIAAAQLFBBSQYtQORIAAAQIECBAgQICAAiIDBAgQIECAAAECBAgUE1BAilE7EAECBAgQIECAAAECCogMECBAgAABAgQIECBQTEABKUbtQAQIECBAgAABAgQIKCAyQIAAAQIECBAgQIBAMQEFpBi1AxEgQIAAAQIECBAgoIDIAAECBAgQIECAAAECxQQUkGLUDkSAAAECBAgQIECAgAIiAwQIECBAgAABAgQIFBNQQIpROxABAgQIECBAgAABAgqIDBAgQIAAAQIECBAgUExAASlG7UAECBAgQIAAAQIECCggMkCAAAECBAgQIECAQDEBBaQYtQMRIECAAAECBAgQIKCAyAABAgQIECBAgAABAsUEFJBi1A5EgAABAgQIECBAgIACIgMECBAgQIAAAQIECBQTUECKUTsQAQIECBAgQIAAAQIKiAwQIECAAAECBAgQIFBMQAEpRu1ABAgQIECAAAECBAgoIDJAgAABAgQIECBAgEAxAQWkGLUDESBAgAABAgQIECCggMgAAQIECBAgQIAAAQLFBBSQYtQORIAAAQIECBAgQICAAiIDBAgQIECAAAECBAgUE1BAilE7EAECBAgQIECAAAECCogMECBAgAABAgQIECBQTEABKUbtQAQIECBAgAABAgQIKCAyQIAAAQIECBAgQIBAMQEFpBi1AxEgQIAAAQIECBAgoIDIAAECBAgQIECAAAECxQQUkGLUDkSAAAECBAgQIECAgAIiAwQIECBAgAABAgQIFBNQQIpROxABAgQIECBAgAABAgqIDBAgQIAAAQIECBAgUExAASlG7UAECBAgQIAAAQIECCggMkCAAAECBAgQIECAQDEBBaQYtQMRIECAAAECBAgQIKCAyAABAgQIECBAgAABAsUEFJBi1A5EgAABAgQIECBAgIACIgMECBAgQIAAAQIECBQTUECKUTsQAQIECBAgQIAAAQIKiAwQIECAAAECBAgQIFBMQAEpRu1ABAgQIECAAAECBAgoIDJAgAABAgQIECBAgEAxAQWkGLUDESBAgAABAgQIECCggMgAAQIECBAgQIAAAQLFBBSQYtQORIAAAQIECBAgQICAAiIDBAgQIECAAAECBAgUE1BAilE7EAECBAgQIECAAAECCogMECBAgAABAgQIECBQTEABKUbtQAQIECBAgAABAgQIKCAyQIAAAQIECBAgQIBAMQEFpBi1AxEgQIAAAQIECBAgoIDIAAECBAgQIECAAAECxQQUkGLUDkSAAAECBAgQIECAgAIiAwQIECBAgAABAgQIFBNQQIpROxABAgQIECBAgAABAgqIDBAgQIAAAQIECBAgUExAASlG7UAECBAgQIAAAQIECCggMkCAAAECBAgQIECAQDEBBaQYtQMRIECAAAECBAgQIKCAyAABAgQIECBAgAABAsUEFJBi1A5EgAABAgQIECBAgIACIgMECBAgQIAAAQIECBQTUECKUTsQAQIECBAgQIAAAQL/P4GBPIO2bXXHAAAAAElFTkSuQmCC',NULL,'{"points":[{"x":60,"y":61},{"x":268,"y":61},{"x":268,"y":280},{"x":60,"y":280},{"x":569.7142857142858,"y":61},{"x":569.7142857142858,"y":404},{"x":268,"y":404},{"x":718,"y":61},{"x":718,"y":216.28571428571422},{"x":569.7142857142858,"y":216.28571428571422}],"walls":[{"doors":[],"windows":[],"points":[0,1]},{"doors":[{"position":{"x":268,"y":133},"width":30,"rotationDeg":90}],"windows":[],"points":[1,2]},{"doors":[{"position":{"x":122,"y":280},"width":30,"rotationDeg":180}],"windows":[{"position":{"x":215,"y":280},"width":50,"rotationDeg":180}],"points":[2,3]},{"doors":[],"windows":[],"points":[3,0]},{"doors":[],"windows":[],"points":[1,4]},{"doors":[],"windows":[],"points":[5,6]},{"doors":[],"windows":[],"points":[6,2]},{"doors":[],"windows":[],"points":[4,7]},{"doors":[],"windows":[],"points":[7,8]},{"doors":[],"windows":[{"position":{"x":626,"y":216.28571428571422},"width":50,"rotationDeg":0}],"points":[8,9]},{"doors":[],"windows":[],"points":[9,4]},{"doors":[],"windows":[],"points":[9,5]}],"rooms":[{"corner_indexs":[0,1,2,3],"wall_indexs":[0,1,2,3]},{"corner_indexs":[1,4,9,5,6,2],"wall_indexs":[4,10,11,5,6,1]},{"corner_indexs":[4,7,8,9],"wall_indexs":[7,8,9,10]}],"furnitures":[{"position":{"x":301,"y":300},"width":80,"height":16,"rotation":0,"rotateDeg":0,"element_id":"option-model-6"},{"position":{"x":608.9285714285713,"y":87.92857142857144},"width":67,"height":41,"rotation":0,"rotateDeg":0,"element_id":"option-model-11"}]}');
INSERT INTO "scene_scenedata" VALUES(3,'test scene','2013-05-22 08:57:22.923591','<p>asjkdhha</p>','{"rooms":[{"points":[{"x":68.83331298828125,"y":140},{"x":434.83331298828125,"y":140},{"x":434.83331298828125,"y":397},{"x":68.83331298828125,"y":397}]}],"walls":[{"doors":[],"windows":[],"points":[{"x":68.83331298828125,"y":140},{"x":434.83331298828125,"y":140}]},{"doors":[],"windows":[],"points":[{"x":434.83331298828125,"y":140},{"x":434.83331298828125,"y":397}]},{"doors":[],"windows":[],"points":[{"x":434.83331298828125,"y":397},{"x":68.83331298828125,"y":397}]},{"doors":[],"windows":[],"points":[{"x":68.83331298828125,"y":397},{"x":68.83331298828125,"y":140}]}],"furnitures":[{"position":{"x":211.33331298828125,"y":178.5},"size":{"x":99,"y":43},"rotation":0,"rotateDeg":0,"data_model_url":"models/sofa001.dae","data_rotation":"-1.57:0.0:0.0","data_size":"3.08:0.889:0.952","data_height":"4.0"},{"position":{"x":314.83331298828125,"y":240},"size":{"x":80,"y":26},"rotation":1.5471166273005104,"rotateDeg":88.6432531588336,"data_model_url":"models/sofa001.dae","data_rotation":"-1.57:0.0:0.0","data_size":"3.08:0.889:0.952","data_height":"4.0"}]}',1,'data:image/png;base64,iVBORw0KGgoAAAANSUhEUgAAAyAAAAJYCAYAAACadoJwAAAgAElEQVR4nOzdd3gV5pnn/cd24mSykxmn7Gw2mzeTdZKZFKfYzsQNY8qxYzs2vWPA9A6i9y6KEOpCSAJVOqaZ3nsRAvUCCDvJzmacd2ZfvzPZZLKJx/Fv/5CwjSWIIA9+nkfne1/X98oflj66biHpcOccwBi706ohPDw8PDw8PDw8PDy8uz6+L4yHh4eHh4eHh4eH586zPr4vjIeHh4eHh4eHh4fnzrM+vi+Mh4eHh4eHh4eHh+fOsz6+L4yHh4eHh4eHh4eH586zPr4vjIeHh4eHh4eHh4fnzrM+vi+Mh4eHh4eHh4eHh+fOsz6+L4yHh4eHh4eHh4eH586zPr4vjIeHh4eHh4eHh4fnzrM+vi+Mh4eHh4eHh4eHh+fOsz6+L4yHh4eHh4eHh4eH586zPr4vjIeHh4eHh4eHh4fnzrM+vi+Mh4eHh4eHh4eHh+fOsz6+L4yHh4eHh4eHh4eH586zPr4vjIeHh4eHh4eHh4fnzrM+vi+Mh4eHh4eHh4eHh+fOsz6+L4yHh4eHh4eHh4eH586zPr4vjIeHh4eHh4eHh4fnzrM+vi+Mh4eHh4eHh4eHh+fOM8YYE7FYTEN4eHh4eHh4eHh4eHhNZRXzfWE8PDw8PDw8PDw8PHdexFge35/ywcPDw8PDw8PDw8Nz51kf3xfGw8PDw8PDw8PDw3PnWR/fF8bDw8PDw8PDw8PDc+dZH98XxsPDw8PDw8PDw8Nz51kf3xfGw8PDw8PDw8PDw3PnWR/fF8bDw8PDw8PDw8PDc+dZH98XxsPDw8PDw8PDw8Nz51kf3xfGw8PDw8PDw8PDw3PnWR/fF8bDw8PDw8PDw8PDc+dZH98XxsPDw8PDw8PDw8Nz51kf3xfGw8PDw8PDw8PDw3PnWR/fF8bDw8PDw8PDw8PDc+dZH98XxsPDw8PDw8PDw8Nz51kf3xfGw8PDw8PDw8PDw3PnWR/fF8bDw8PDw8PDw8PDc+dZH98XxsPDw8PDw8PDw8Nz51kf3xfGw8PDw8PDw8PDw3PnWR/fF8bDw8PDw8PDw8PDc+cZY4yJWCymITw8PDw8PDw8PDw8vKayivm+MB4eHh4eHh4eHh6eOy9iLI/vT/ng4eHh4eHh4eHh4bnzrI/vC+Ph4eHh4eHh4eHhufOsj+8L4+Hh4eHh4eHh4eG586yP7wvj4eHh4eHh4eHh4bnzrI/vC+Ph4eHh4eHh4eHhufOsj+8L4+Hh4eHh4eHh4eG586yP7wvj4eHh4eHh4eHh4bnzrI/vC+Ph4eHh4eHh4eHhufOsj+8L4+Hh4eHh4eHh4eG586yP7wvj4eHh4eHh4eHh4bnzrI/vC+Ph4eHh4eHh4eHhufOsj+8L4+Hh4eHh4eHh4eG586yP7wvj4eHh4eHh4eHh4bnzrI/vC+Ph4eHh4eHh4eHhufOsj+8L4+Hh4eHh4eHh4eG586yP7wvj4eHh4eHh4eHh4bnzrI/vC+Ph4eHh4eHh4eHhufOsj+8L4+Hh4eHh4eHh4eG584wxxkQsFtMQHh4eHh4eHh4eHh5eU1nFfF8YDw8PDw8PDw8PD8+dFzGWx/enfPDw8PDw8PDw8PDw3HnWx/eF8fDw8PDw8PDw8PDcedbH94Xx8PDw8PDw8PDw8Nx51sf3hfHw8PDw8PDw8PDw3HnWx/eF8fDw8PDw8PDw8PDcedbH94Xx8PDw8PDw8PDw8Nx51sf3hfHw8PDw8PDw8PDw3HnWx/eF8fDw8PDw8PDw8PDcedbH94Xx8PDw8PDw8PDw8Nx51sf3hfHw8PDw8PDw8PDw3HnWx/eF8fDw8PDw8PDw8PDcedbH94Xx8PDw8PDw8PDw8Nx51sf3hfHw8PDw8PDw8PDw3HnWx/eF8fDw8PDw8PDw8PDcedbH94Xx8PDw8PDw8PDw8Nx51sf3hfHw8PDw8PDw8PDw3HnWx/eF8fDw8PDw8PDw8PDcedbH94Xx8PDw8PDw8PDw8Nx5xhhjIhaLaQgPDw8PDw8PDw8PD6+prGK+L4yHh4eHh4eHh4eH586LGMvj+1M+eHh4eHh4eHh4eHjuPOvj+8J4eHh4eHh4eHh4eO486+P7wnh4eHh4eHh4eHh47jzr4/vCeHh4eHh4eHh4eHjuPOvj+8J4eHh4eHh4eHh4eO486+P7wnh4eHh4eHh4eHh47jzr4/vCeHh4eHh4eHh4eHjuPOvj+8J4eHh4eHh4eHh4eO486+P7wnh4eHh4eHh4eHh47jzr4/vCeHh4eHh4eHh4eHjuPOvj+8J4eHh4eHh4eHh4eO486+P7wnh4eHh4eHh4eHh47jzr4/vCeHh4eHh4eHh4eHjuPOvj+8J4eHh4eHh4eHh4eO486+P7wnh4eHh4eHh4eHh47jzr4/vCeHh4eHh4eHh4eHjuPOvj+8J4eHh4eHh4eHh4eO486+P7wnh4eHh4eHh4eHh47jxjjDERi8U0hIeHh4eHh4eHh4eH11RWMd8XxsPDw8PDw8PDw8Nz50WM5fH9KR88PDw8PDw8PDw8PHee9fF9YTw8PDw8PDw8PDw8d5718X1hPDw8PDw8PDw8PDx3nvXxfWE8PDw8PDw8PDw8PHee9fF9YTw8PDw8PDw8PDw8d5718X1hPDw8PDw8PDw8PDx3nvXxfWE8PDw8PDw8PDw8PHee9fF9YTw8PDw8PDw8PDw8d5718X1hPDw8PDw8PDw8PDx3nvXxfWE8PDw8PDw8PDw8PHee9fF9YTw8PDw8PDw8PDw8d5718X1hPDw8PDw8PDw8PDx3nvXxfWE8PDw8PDw8PDw8PHee9fF9YTw8PDw8PDw8PDw8d5718X1hPDw8PDw8PDw8PDx3nvXxfWE8PDw8PDw8PDw8PHee9fF9YTw8PDw8PDw8PDw8d5718X1hPDw8PDw8PDw8PDx3njHGmIjFYhrCw8PDw8PDw8PDw8NrKquY7wvj4eHh4eHh4eHh4bnzIsby+P6UDx4eHh4eHh4eHh6eO8/6+L4wHh4eHh4eHh4eHp47z/r4vjAeHh4eHh4eHh4enjvP+vi+MB4eHh4eHh4eHh6eO8/6+L4wHh4eHh4eHh4eHp47z/r4vjAeHh4eHh4eHh4enjvP+vi+MB4eHh4eHh4eHh6eO8/6+L4wHh4eHh4eHh4eHp47z/r4vjAeHh4eHh4eHh4enjvP+vi+MB4eHh4eHh4eHh6eO8/6+L4wHh4eHh4eHh4eHp47z/r4vjAeHh4eHh4eHh4enjvP+vi+MB4eHh4eHh4eHh6eO8/6+L4wHh4eHh4eHh4eHp47z/r4vvCtvCRjzNvGmPeMMSIioqB6xxjzP4wxz5v6CfnxCA8PD68le9bH94Wb8u41xrxh3D94EhGRnRJNmI9HeHh4eNHgWR/fF27KKzTuHyyJiMhe7xljhpvwHo/w8PDwosGzPr4v3JT3jnH/YElERHarNuE9HuHh4eFFg2eMMSZisZiGQvH6G/cPkkREZL9/N2E9HuHh4eFFixcxljHfF/6oF2PcP0gSEZH9fm/CejzCw8PDixYvYiyP70/5fNT7nnH/IElERPb7VxPW4xEeHh5etHjWx/eFOUCIiKKjX5iwHo/w8PDwosWzPr4vzAFCRBQdvWnCejzCw8PDixbP+vi+MAcIEVF0xAGCh4eH56dnfXxf+M4OkG9+T6ZSRETkum2VHCB4eHh4YXvWx/eFOUCIiEKOAwQPDw8vdM/6+L4wBwgRUchxgODh4eGF7lkf3xfmACEiCjkOEDw8PLzQPevj+8IcIEREIccBgoeHhxe6Z318X5gDhIgo5DhA8PDw8EL3rI/vC3OAEBGFHAcIHh4eXuie9fF9YQ4QIqKQ4wDBw8PDC92zPr4vzAFCRBRyHCB4eHh4oXvWx/eFOUCIiEKOAwQPDw8vdM/6+L4wBwgRUchxgODh4eGF7lkf3xfmACEiCjkOEDw8PLzQPevj+8IcIIH0w+L/pW3btmrggG7q1+d5vdrv7jTglZ/olT7Pqmf3turaub0GvtpHI4YPUu+eP9Gr/e5O/fpE1LtnO3Xv0kZdOj+rkSOHq3+/burX90UN6Pe8Xu33gvUGvPK8+vV5Tr16tFOXTu00dco4pR857fzXmei24wDBw8PDC92zPr4vzAESQD+ok6aU/09lZ63UgrkjFL90pFISxihlhf2SVozWimUjtHjhYE2d1FcjhvXS6FGvaPHCoUpJGG2/FaOVEDdCy2KHaN6sAYoZ10v9+3XXtCkDFbdkpJJXjLk7xY9WfMOe0yb31by545W6ZauG/eMf9cVa97/mRM2OAwQPDw8vdM8YY0zEYjENheINNRwg3jX5rfd09eplzZ0zSTtfW6yyC9m6WlVwV7pckafKkjUqOp2uzevnalJMD00Y303nTqbqalW+6qoLrHX9Y1aXrtGlcxk6emCFcrImq+PLT2lN5mQVn8nQlcr8u1JtRZ7KL2br/Kk0bds0XwnLJygxMU7vvvuuHr7m/tecqNk1/wB5K7DHIzw8PLxo8SLGMub7whwgATTpn/6oy7XVmj1rvA7tXaHq0hxdqylUXbX96g+CHBWfydDuHYuVuHykkleMVsWl1aqrLtS1GrvVVReqpixHJedX6cThRG1eP0cTx3fTrm2xqipZ0/A29o6eDx8/VSVrVHxmpfbsWKyUxElaHrdI77zzB/2w7j3nv+ZEzY4DBA8PDy90L2Isj+9P+fASLA/7i6r39A91f9QPqv+PHqr4rRb/7Ne6dPGCpk8bpeOHk3W5Ik9v1K69K9VVF6imLFcXz2bo0N7lyl8zVesLZulqVYGu1RRa/VjXauqrLc9VSVGmTh9L1q5tsYpfOkwnjyTpSlX+Xdyz8P09D+xeprTkyVq4YJbefvttdbn8G32/6nd6uPYPeugqxwh5Hi/BwsPDwwvdsz6+L8wB4mHfuPKeLvz/v9PuK7/Q5tJaHSip0K5dOxQzbqCOHUr6WA+QwtwZ2rxuzsd2gOzeHqvUxDE6fSxFVyrv7gFSXZaj4oYDJHnFBE2dMk7l5eXaWVqj7VXXdPgX/682/MvvnX89EN0yDhA8PDy80D3r4/vCHCAe9mDZb3Xy5HFt27pOmzflauOG1UpPW6qYcX118kiyLld+fAfI2rwZ2rJ+7l09QGrKPnyALFZa0lid+RgPkIN74pScME5jR/fXhnXZ2rwxR5s25mrXrm3KP3vR+dcD0S3jAMHDw8ML3bM+vi/MAeJhf3P6V5o9a6qmTHpVc2YO1Pw5gzVjWn9NmdhTZ06k6OpdfWnSx3+A3PgMyMd/gBzau1xpSWM1fEgHzZk5UHNnDdLEmD6aGDNEw5YnOf96ILplHCB4eHh4oXvWx/eFOUA87PPH/1GjR/TR+oK52r97uQ7tjde2zQuUljRWxWdWqq66QG9evju/Mb9WU6ja8lxdOpehwx86QK5/zDdrLdawQ215nkqLMnXmWLL27Gg4QI6n6GpVwV07QK7V1B8gF89l6PC+eOWvmaaE5aN0YPdy7d8Vp03r5mnxwpHqOHGC868HolvGAYKHh4cXumd9fF+YA8TDHjj6Mw0a8KLOHEvRtZpCvVm7ViXnM7Vp7WydPpasyktrdLniLv31tOV5qry0WudPpmnf60u0JnOyCnKmq6pkjS5X5NVXbqEGq7YiTxUXV+vC6XQdP5ig7ZvnK37pMB07mKCasty799cNV+ar4tJqnT+Vpr07l2h9/kxtWjdHb9Su1dWqAhWfyVBKwhi1GzrA+dcD0S3jAMHDw8ML3bM+vi/MAeJhnzv2cw0b/JLOnUx7/2VP5cXZ2rZ5gbZunKfjBxNUfGalLp1bZb3iMxk6dyJVR/bHa9PaOYpbMkzxy4brxOFEnT+VVt9Je507maaTR5J0aO9y7XxtoXKyJmvyhB7asWWBis9kqKw4W2XFWdYrvZClotPpOrwvXuvyZygnc7J2bYvVm5fX6kplvi6eXaX05HGKjBjg/OuB6JZxgODh4eGF7lkf3xfmAPGwzx37uYYPeUnnP3SA1JTl6tihBG0onKW87CnKXjlRmWkxykyfYLVVaTFKTx6rhLgRmj3jFQ169QUNfvUFJcSNUHryWKUnj7PcWCWvGKX4pcO1aN5ATYrprk4vP6V5s/trVVqMcrOnKCdrsvXWZE7SqrQYZabHaHXGRG1eP0dnj6c2cYC86vzrgeiWcYDg4eHhhe5ZH98X5gDxsPpnQH56wwFSV12gikurtWX9XM2f3V9DB72ovr3bq/8rz1qtX99n1bd3RD27t9FLLz6uJx7/rp54/Dvq1qW1+vZqr7697de7Zzv16NZGnTs+pWcjj+qh73xNLz7/Y/Xr+6wGD6w/gGw3aMDz6tf3WU2K6a7MtBgdPbBCVyrz9EZtIQcIhRUHCB4eHl7onvXxfWEOEA9r6gCp/8PheTp1NElZKydo9IiO6vjyU+retbW6dbHZ0+ra+Wl16dRKL//0CbVt80O1eeYH6tyxlbp2fvqu1KVTK3Xu2EodX35SLz7/Yz3+2Lf1wvM/VtfOT6t719bNq8vt1a1La3Xq8JTilw7XwT1xqry0RnXVBRwgFF4cIHh4eHihe9bH94U5QDzsZgfI1aoClV3I0qa1szVxfHd17/qMhg3+qYbeUS9+0KCmGzzwBfXq0Vbdu7a+6dv8uQ0Z9KKGDPyggf1/og4vPaFX+kTqn60Y2Iya+6zHhxo44Hn17tlOuVlTdOn8Kv3syrr3/4asyxUcIBRQHCB4eHh4oXvWx/eFOUA87FYHSGlRljavm6M5M/tp4vj6lw9lrZxwh8XUl9506cljNX/OAM2e3lcZqeOVmR5zY2mNW/WnSr3eeK1KHa+MD7UyZbyS4kcpZmxXLYsdqrTksTf894yU+lbetHEflNy463/uZGXyOKUmjtH82f21Zf1clRRl6s3LHCAUaBwgeHh4eKF71sf3hTlAPOxmB8iVyg8OkIXzBmrhvFe1d+cSHdi97M9rV9Pt3h6r7IyJSk8ep707lmj/rmVNtLRR+27V6zdv784l2rZpvpYuGqL1+TO1e/vixm+3s769N23Jn2zfzqXatS1Wmekxen3rIpUWZd3w76pwgFBQcYDg4eHhhe5ZH98X5gDxsOYcIEsWDlbi8pG6eC5DpRfq/1rZ0iKLXcjShTMrtX3zAm1cO1uXzq2y6zdRyflMnTmWoqyVE3R433JdPLfK/l5FWSq7kKWLZzP02oa52vf6UpVeyOQAoXDjAMHDw8ML3bM+vi/MAeJhzTlAlsUOVVrSWFVcWq2aslzVlOVYLlflxdnas2Oxtm6ar8q79nE++HjVpTkqPrtSudlTdPJw0l37mLXluaq4mK2dry3U/l3LVHqBZ0Ao4DhA8PDw8EL3rI/vC3OAeFhzDpC4JcOUkTJeteUf/tfC8y1WoOrSHO3ftUw7X1uo2oq8u/RxPvh4VyrzVXohSwU503T2eOqHdrP7seqqC1RTlqvd22N1YHecyjhAKOQ4QPDw8PBC96yP7wtzgHhYcw6Q5UuGaVVqjK5U5utaTeFdqbY8Vwf3xGnXtlhdqbp7H+d6ddWFKr+YrbW5M3T+ZNpd263+yMjTnh1LdHAPBwgFHgcIHh4eXuie9fF9YQ4QD2v2AZL2wQFy/TfPNvvwAXK1quCufZzrXaspVMXF1VqX98EBcrc+1uWKfA4QahlxgODh4eGF7hljjIlYLKahULyhhgPEeRwgHCBEza75B8hbgT0e4eHh4UWLFzGWMd8X5gDxMA6Qj+sAWcwBQuHHAYKHh4cXuhcxlsf3p3x4CZaHcYBwgBA1O16ChYeHhxe6Z318X5gDxMP+9AEylwOEA4SoPg4QPDw8vNA96+P7whwgHsYBwgFC1Ow4QPDw8PBC96yP7wtzgHgYBwgHCFGz4wDBw8PDC92zPr4vzAHiYX/qANnCAcIBQnQ9DhA8PDy80D3r4/vCHCAe9icPkPUcIBwgRA1xgODh4eGF7lkf3xfmAPEwDhAOEKJmxwGCh4eHF7pnfXxfmAPEwz537OcaNuQlDhAOEKI/HQcIHh4eXuie9fF9YQ4QD6t/BuQlnT+ZfsNv+q9WcYBYPUC2NxwgxTceIFcq83XxXMMBMnyA868HolvGAYKHh4cXumd9fF+YA8TDPnf05xo88Kc6dzJNb15ep59fXa+fXVmnazWFKi/O0pb11/8hwvEcIH/OAdLwDEh5cXbD53i9fn51veqqC3XpfP0B0n7YAOdfD0S3jAMEDw8PL3TP+vi+MAeIh33u2C80bGg3bd20QCcOJ+nM8RSdOZai08eSdezgCmVnTFTs/EHKzpigq1UcIHfSlcp8Hd67XLu2xerU0WSVnM/UuZNpOnsiVaeOJGnXtlgtjR2u58eOdP71QHTLOEDw8PDwQvesj+8Lc4B42BdO/FJjxwzR/DmDlbxitDJSxysjNUbZKycqf/VUzZvVX7Om9VXe6imqq757h0FLPkCuVhXo7PFUbSycpa2b5mn75gXKzZqizPQJykiNUeyCwZowvp+6zZjl/OuB6JZxgODh4eGF7lkf3xfmAPGwv730a73++nYV5KUrLydJuWsSlJQwV+NG91LsvIGaP2eA0hLHaP+upbpWU8gBcgfVVReq8tJqHdkfr9e3LlJm+iTNmjFUq7PilbN6hbIz41WQn6mkPYedfz0Q3TIOEDw8PLzQPevj+8IcIB72YO27OvaP/6LVx88rafch5by+V5mZGere7SXNnt5PKQmjtWPLApWcX3VXD4La8lwd2hOn3e8fIHfvY33cB8j1yoqzdGjfciXGj9OokYO0fft2JW/frcRdB7X+QrnW/Pxt518PRLeMAwQPDw8vdM/6+L4wB4iH/UXVe3r08jv6dsm/6e+K39bc2n/WmTOnFDN+sLZuXKAzx5JVcTFbV6vu3m/Q36xdq8sVeTq8d7n2bF+suuq7++zHG7Vrda12rSov1R8gRafSdbWq4K5/zLrqApUUZWpd/nzFLpqlX/7yl3qx9F/0d8Vv66Hy3+g7tf/h/OuB6JZxgODh4eGF7lkf3xfmAAmgSf/0R9XWVmvWjHHavX2pSs6vUk1ZjmrKclR9R+WqphmVnF+lrRvnaV3+TJVdyFJVaY6q72IVl1br9LEUJcSN0KG9y1VxcbUuV+RZr/ZDXanM18WzGVqfv1DJiUv1zjt/0A/r3nP+a07U7DhA8PDw8EL3rI/vC3OABNDkt97T1auXNXvWRBXmzNTxgwm6cDpdRX9WK3XhVp1ZqcP74pWePE7xS4fr6IEVOnsiVefuYiePJGnrxnkaNbyD1uXP1NkTqSotyvpImX9WJR+ptChTh/ctV1bGLKWmrNC7776rh6+5/zUnanYcIHh4eHihe9bH94U5QALoB1ff07TKXypnTaYmTeivKRN6afqU3pp2vcl/RpM+XK8PmtxLE2N6adiQLhr0aieNH9tNE8d318Tx3e5aE8Z319hR3dW3dweNGdlN0yb31uzpfTXrQ82+415puhmvaOqkPlq0YJIytu3U8P/5R32x1v2vOVGz4wDBw8PDC90zxhgTsVhMQ6F4Qw0HiJc9eult7dm9W127/FRt2/xIbVo/rDbPPFz/vzfth3rmVj394X7wfq0bavPMj/Tcs2303LNt9MTj39MTj39HTzx293ryie+pbZvH1KlTBz3b/km1a/OI2rV9+Ibav98jt65dUz2qyEdq3+4RPffs45o8aawyTxQ5/3Umuu2af4C8FdjjER4eHl60eBFjGfN9YQ4QIqKQ4wDBw8PDC92LGMvj+1M+vASLiCjkeAkWHh4eXuie9fF9YQ4QIqKQ4wDBw8PDC92zPr4vzAFCRBRyHCB4eHh4oXvWx/eFOUCIiEKOAwQPDw8vdM/6+L4wBwgRUchxgODh4eGF7lkf3xfmACEiCjkOEDw8PLzQPevj+8IcIEREIccBgoeHhxe6Z318X5gDhIgo5DhA8PDw8EL3rI/vC3OAEBGFHAcIHh4eXuie9fF9YQ4QIrp55X+U2VImk3Nc5vTbzXqf7+6o1txRC5TYb4L6Ll2n+0v+4H6PlhwHCB4eHl7onvXxfWEOEKJo6NLvZYbMlPny38p89gGZH7eVWXPs1u+ztULmGw998H3/yftlBkySKX/3pu8zdnqq3vnEJyVj3q/ym9/TF079f+4/By01DhA8PDy80D3r4/vCHCBELb3yd2Uefqrx9/G998msPtL0+5z4Z5kHvtD09//4pU2+z2Pri/Tuvffpw8fH9ba37+z+89BS4wDBw8PDC92zPr4vzAFC1NKbtfLm38tf+n+afkaj34Sbv8/9n5I5/78bvU/hy/3U1PEhY/TePffoy0f/yf3noiXGAYKHh4cXumd9fF+YA4Sopdf6p7f8fv7Uxgv69IV/02dP/0qfPf0rPXD8H/XJHz5+y/f52wVJ+vt1+/SttXv03ezNemzDYV39cSvd7ACRMfqHDcXuPxctMQ4QPDw8vNA96+P7whwgRC29Vi/c8vt5QsxojRrRTePGdNHE8d00ZUIPfftbX73l+8ye3lcpCaO1Mnmc0pLGad6c0frnTh11s+PjP+77hD7fzD/ETrcZBwgeHh5e6J718X1hDhCilt7khJt+L3/2C1/UiuVTdepIsuqqC1VXXaC66gJlZ0y86fs89g/fev/t6qoLdbWqQGlJMTqZvVL/5y8+o6YOkIT+E91/HlpqHCB4eHh4oXvWx/eFOUCIWnolf5D5zqONv4/vvVfd5i5R9qp5unB6pd68vFZv1H7QkIEvNnqfr/y3L+rogRU3vN2btWuVnTFFO3du0p68zfrNf/mv+vDxsabLYH2m+N/dfx5aahwgeHh4eKF71sf3hTlAiKKh8/9bpu84mb/8a5l779ODP3xUhw4d0uHDh5SRPkfnT6bpzctrda2m8IYKc6erS6en1a7Nw4oZ21VlF7Le/29XqwtUdiFLZ46nKCFulJbHzdWWzet0YMsGbVqwTNPmrtT3t1a4372lxwGCh4eHF0vZGXMAACAASURBVLpnjDEmYrGYhkLxhhoOEKIW3bQzNUpJSdC0qWPUt09nzZk5UGeOpehqVYGuVObrcsX18nS5Ik+15dfLVU1ZfbVluSo6la5d22K1e3us1hfMVFbGVOWunqOc7HlavmymHtpT6nzXqKj5B8hbgT0e4eHh4UWLFzGWMd8X5gAhirJ+MGOxFs0boiP74pWeNFaJcSN0YPcynT+VrnMnUnXmeKpOH0vRqSPJOnk4SScOJerYwQQdPbBCR/bF6/De5Tq0J045WZO1Nm+GLpxZqdqKXFWX5aiqNEclRZlavGCoHlx/2PmuUREHCB4eHl7oXsRYHt+f8uElWERR1t/NXKK0xLGqKcvR1o3zNHv6K1oWO1QZaeOVkTpeK1PGK73hb7dKTRyr1MQxSkkYreQVo5S4fKTiFg/T3Fn9NHZUJ+Wtnqrq0pwb/kxIXXWhkleM1rcK9zjfNSriJVh4eHh4oXvWx/eFOUCIoqy/m7lESfGjVF2Wo5LzmSrMma6liwZr8YJBWrpoiOIWD9OKpcOVGDdSyfGjlJo4RunJ47QyZbxSE8codv4gDXjlOXXv2lqrV01q4gApUFrSWA6QjysOEDw8PLzQPevj+8IcIERR1tcXJCh+2QhVla7RG7Vrda2mQFer8nWlsumuVtV3uSJP5cXZ2rtziaZM6KFePdoqa+WEJg+QjNTxemjNFue7RkUcIHh4eHihe9bH94U5QIiirAdjU7Vs8VBVlay54XD4U9VVF6iqZI0O7F6maZN7qWf3NlqVNr6RU1ddoKz0ifre6s3Od42KOEDw8PDwQvesj+8Lc4AQRVkPLk7T4oWDVXmHB8jB3XGaMaWPenZvo/TkcU0eIGtWTdYPMtc73zUq4gDBw8PDC92zPr4vzAFCFGV9dUWuFs4dqMpLq+/oADm0J06zpvVVj25tlJo4RpWXPnqAFCo3e6oeTc91vmtUxAGCh4eHF7pnfXxfmAOEKMr66opczZs1QBV3eIAc3rtcc2a8oh7dnlHSilGNDpm66kIV5EznAPm44gDBw8PDC92zPr4vzAFCFGV9JXW9Zk9/RRUXb/8AqS5doyP74jVvVn/16PaMEuJGNHLqqgu1Lm+mHk9c6XzXqIgDBA8PDy90z/r4vjAHCFGU9eWMLZo+pbfKL2bfwQGSoyP7V2jBnAHq3rW1li8Z1uQBsrFwth5PSHO+a1TEAYKHh4cXumd9fF+YA4QoyvqvGa9pysSeKi++swPk6IEVWjhvoLp3ba2lsUMaOXXVhdqyfq6eik9yvmtUxAGCh4eHF7pnfXxfmAOEKMr6m9x9mjC+u8qKs+7oADl2MEGLFwxSty6ttXjhoCYPkG2b5qv1kjjnu0ZFHCB4eHh4oXvWx/eFOUCIoqy/yd2ncWO6qOzC7R8gNWU5On4oUUsXDVG3Lq21aN6rKrvQ+ADZsWUhB8jHFQcIHh4eXuie9fF9YQ4Qoijri2uPadSITiq9zQPkWk2haspydOJwkuIWD1W3Lk9r/pz+jQ6ZazWF2rUtVu3nz3O+a1TEAYKHh4cXumd9fF+YA4QoyvrChlMaPvRllRbd2QFy8kiS4pcOU9fOT2vuzH6NnGs1hdq7c4ki8+c63zUq4gDBw8PDC92zPr4vzAFCFGV9ftMZDRn00zs6QGrLc3XqaLIS4kaoa+enNWt63yYPkAO74/Tc7BnOd42KOEDw8PDwQvesj+8Lc4AQRVl/vaNUA/u/oNKizDs6QE4fS1FS/Eh16dRKM6b2Vsn5zEZvd3hvvF6YPsn5rlERBwgeHh5e6J718X1hDhCiKOuvd5Sqf9/nGh0OzT1AzhxLUcqKUerSqZWmTurZ5AFy7EACB8jHFQcIHh4eXuie9fF9YQ4QoijrL/fWqm+v9nd8gJw9nqq0xDHq0qmVJk/orkvnVjV6u5OHk9Rx4kjnu0ZFHCB4eHh4oXvGGGMiFotpKBRvqOEAIWrR/acDderZvW2jw6E5B8jlilydO5Gmlclj1bljK8WM7ariMytVV12gq1UFulqVryuV+Tp5JEkvxwx3vmtU1PwD5K3AHo/w8PDwosWLGMuY7wtzgBBFWZ85+Ka6dW59hwdIns6fSteq1PHq1OEpjRreQSePJKni4mqVF2ervDhLZReydHhfvF4aOcD5rlERBwgeHh5e6F7EWB7fn/LhJVhEUdanTvxKnTq00sVzGXqz4bC4Xl319Qpu6PqzGzVluTp3IlUZqePV4eUn9UqfiLZvWaAThxN1/GCCjh1M0JH98VqXN1MvDuztfNeoiJdg4eHh4YXuWR/fF+YAIYqyPn3iV3r5pWd0YPcyVZWuUcXFbJVdyFJpUaZKzmfq0rlVung2QxfOrFTRqXSdP5mmcydSdeZYio4fStSurYu0NHaInnv2R4q0e0TxS4drfcFMrcufqbV5M5S9cqLGju6mnuNjnO8aFXGA4OHh4YXuWR/fF+YAIYqy7i/6tTp2eEHTp/TWuryZWpc3Q+vzZ2pDwSxtWjtbm9fN0Zb1c7V1wzxt2zRfOzYv0M7XFur1rYu0fcsCrc+fqQVzBijS/hG1b/uwUhPHaM+Oxdq7c4n2vb5Ur29dpLglw/XKsIHOd42KOEDw8PDwQvesj+8Lc4AQRVn3XfiN2rX9kY4eWKG66sKGl1c1r5ryXF04vVJrMierU4cn1a9vRCcOJeqN2usv26r/3+IzK9VrYBfnu0ZFHCB4eHh4oXvWx/eFOUCIoqz7Lv67Wj/9fZ07mXbbfwj9SmW+Lp1bpfw1U9Xx5Sc1oN9zOnM8RW9ebvzX9fZ79SXnu0ZFHCB4eHh4oXvWx/eFOUCIorCnnviuzp1IvYMDJE8l5zNVmDtdHRv+EPrpYyl68yNvd7UqX6/2+4nzPaMiDhA8PDy80D3r4/vCHCBEUdgTj31HZ46l3NYB8kbtWl2tyldpUZbW5s1Qpw5Pqm/v9jp5JOmGA+SN2rWqqy7QwP7PO98zKuIAwcPDwwvdsz6+L8wBQhSFPdb6UZ08nHjHB8i6vBnq0qmV+vZur2OHEhq9XV11gYYMfFH3X/yt811bfBwgeHh4eKF71sf3hTlAiKKwH7d5TEf3x+taTeEdHSDr82eqW5en1bd3ex3Zv0JvfMSpqy7Q8CEvcYB8HHGA4OHh4YXuWR/fF+YAIYrC/qH9kzq0J+6OD5ANBTPVo+sz6tOrvQ7tXa5r1Tc627cs0KMPf1Of6DlCZvlGmdJ3nO/cYuMAwcPDwwvdsz6+L8wBQhQtXfitTN/xMv/5y7r3vvv0g+9/XZvWzrntA6TsQpY2Fs5Sr+5t1KdXO+3fvUzXqgvef5uRwzronnvuufFnxrcfkTn3a/efg5YYBwgeHh5e6J718X1hDhCiaOjS72X+/geNvpfvu+8+vbZh3m0fIJvWzlafnu3Up1c77d25RHVV9QdIQc70xsfH9V7u7/7z0BLjAMHDw8ML3bM+vi/MAUIUDY1bctPv568/+OVmvxSr/gDJ1qZ1c9S3d3v17tlOu7bH6mrDAdK+7SM3/7lx730yZ//V/eeipcUBgoeHhxe6Z318X5gDhCgaerT1Lb+njx9s/DdZ3eoA2bx+jvr1fVa9e7bTzq2LdLUyX2/UrtX3H3rw1j87Xr/s/nPR0uIAwcPDwwvdsz6+L8wBQhQNPdzK2gFSXpytLRvmakC/59S7Z1tt37xAVyrqD5AOLz1584/z6c/IXPyd+89FS4sDBA8PDy90z/r4vjAHCFE0NGrBTb+f//vXvnRbL8EqL87WaxvnaeCA59W7Z1u9tnGeLlfk6Y3atdq7c4k+9alPNv2xRi1w/3loiXGA4OHh4YXuWR/fF+YAIYqGLv5O5hsPNfpe/sQn7tO6vBm39YfQy4uztW3TfA0e+IJ69Wirzevn6HJ53vtvk5k+QV/4/F998HHuuaf+b98q+YP7z0NLjAMEDw8PL3TP+vi+MAcIUbR07t9keo6S+avP6Z5779U3v/EVbVk/97b/Gt6Ki9navnmBhg5+Ub16tNWGwlmqLc+94e1KizLVu0dbfX7cPJndV93v3pLjAMHDw8ML3TPGGBOxWExDoXhDDQcIUYvvW0NHas2qSY0Oh+YdIKu1Y/MCDR/yknr1aKt1+TNVU3ajU1ddoNj5g/SVHRec79ria/4B8lZgj0d4eHh40eJFjGXM94U5QIiisL8fMVZZ6RMaHQ7NPUB2blmokcNeVs/ubVSQM101ZTmNDpCli4boa1tPOd+1xccBgoeHhxe6FzGWx/enfHgJFlEU9s1xU5SRMq7R4fCnqqsuqD9AXluo0SM6qGf3NspbPUXVpfXOtZr66qoLtHzJMD24+ZjzXVt8vAQLDw8PL3TP+vi+MAcIURT2zXFTlJo45v3D4XYOkMpLq/X61kUaO6qTenR7RtkZE1VWnK0rlfm6XJGnyxV5qi3PVdySYXpw4xHnu7b4OEDw8PDwQvesj+8Lc4AQRWEPTp2vpPiRqi5dc0cHyK5tsRo3uou6dm6tlITROnciVaUXslRSlKmSokxdOrdKSxYO1jfzX3e+a4uPAwQPDw8vdM/6+L4wBwhRFPbg1IWKXzZcVSVrGl46VdisrlbVvwRr17ZYxYztqo4vP6nYBYN0YPcynTySpBOHE3XicKIO7V2u2dP76cGcnc53bfFxgODh4eGF7lkf3xfmACGKwr4+N14L5w1W0emVqi3PU3VpjqpK1qjy0mqVF2er7EKWShueybh4NkPFZ1aq6HS6zp5I1dEDK1SwZpqGD3lJbdv8UMOHvKTslRO1oWCW1ufPVP6aaVqyaLCGD+uh7+bscb5ri48DBA8PDy90z/r4vjAHCFEU9t3EQr3S52UtXTREa/Oma13eDG0omKmNhbO0ae1sbV43R1vWz9XWDfO0bdN8bd+8QDu21Ldl/VylJY3VwAHP65mnv68Rw15WYe507doWq93bF+v1rYuUtXKiJk0YoO+v4RmQux4HCB4eHl7onvXxfWEOEKIo7MHYdM2dNUDnT6WrujTn/WrKrpd7Q7Xl9VWX5qi0KFO7tsdq8oQe6taltVITx7z/h9CvV35xtVITx+uh7E3Od23xcYDg4eHhhe5ZH98X5gAhisK+lrBGSxcNue1/B6SuukBVJWt0YPcyTZ/SS717tlVmekyT/xBhTtYUPZKe63zXFh8HCB4eHl7onvXxfWEOEKIo7G8Tc7Vo/sA7PkAO7onTjGl91KtHG61MGdfor/Otqy5Q/pppejQ9z/muLT4OEDw8PLzQPevj+8IcIERR2FdT1mr+nAF39O+AVJeu0aE9cZo1o696dm+j1KTG/55IXXWB1ubO0GPJmc53bfFxgODh4eGF7lkf3xfmACGKwv7bqi2aM+OVOzxAcnR473LNmdlPPbu3UfKKUapq4gDZUDBLjyekO9+1xccBgoeHhxe6Z318X5gDhCgK+8qqLZo5tc/7/w7I7R4gR/bFa97s/urR7RklLh/RyKmrLtDmdXP15IpU57u2+DhA8PDw8EL3rI/vC3OAEEVhX8rdq2mTet35AbJ/hRbMHaDu3Z5R/NJhqmziAHlt43y1XhLnfNcWHwcIHh4eXuie9fF9YQ4QoijsS3n7NSmm+x0dIDVlOTp2IEGL5g9U966tFbd4aJMHyPbNCzlAPo44QPDw8PBC96yP7wtzgBBFYX9TeFgxY7uq8tLq2zpArtUUqqYsR8cPJmjxgkHq1qW1liwa3Mipqy7U61tj1W7BAue7tvg4QPDw8PBC96yP7wtzgBBFYV/ceFpjR3W+4wPkxKFELV00RN06t9ai+QNV0cQBsmfHEkXmz3O+a4uPAwQPDw8vdM/6+L4wBwhRFPbFjac1aliHOzxAcnXycJKWLR6qrp2f1oI5A5o8QPbvWqZn5852vmuLjwMEDw8PL3TP+vi+MAcIURT2wM5SDRv8kiou3v4BUlueq1NHkhW/dJi6dnpa82b1a+RcqynUoT3L9cL0yc53bfFxgODh4eGF7hljjIlYLKahULyhhgOEqMX3wM4yDR74giouZt/RAXL6aIoS4kaoS6dWmj2jr8o/4lyrKdSR/Ss4QD6Omn+AvBXY4xEeHh5etHgRYxnzfWEOEKIo7K/2VGtAv5/c8QFy5liKkpaPVOeOrTRzau8mD5DjhxLVYdIY57u2+DhA8PDw8EL3Isby+P6UDy/BIorC/vLgNb3SJ6Ly4ts/QC5X5Ors8VSlrBitzh1badrkXiorbnyAnDqSrI4TRzrftcXHS7Dw8PDwQvesj+8Lc4AQRWF/efCaevdsp/LirDs6QM6dSFNa4hh16vCUpkzoobKPONdqCnX2eKo6xwxzvmuLjwMEDw8PL3TP+vi+MAcIURT26ZO/Uo9ube7wAMnT+VPpSk8eq04dntLE8d1UdqHxAVJ0Kl3dR/d3vmuLjwMEDw8PL3TP+vi+MAcIURT26ZO/UtfOrRsdDs09QIpOr1RG6nh1fPlJxYztotImDpDisxkcIB9HHCB4eHh4oXvWx/eFOUCIorD7z76tTh1aNTocmtOVynwVn8lQZvoEdXzpSY0d1anJA6S0KFO9h/ZwvmuLjwMEDw8PL3TP+vi+MAcIURT2ieLf6OUXn1BpUeb7B0NddaGuVBXockW+aivyVFOeq+qyXFWV5KiyZI0qLq1WeXG2Lp1bpeMHE5SaMEYvvfi4Rgx7WcVnM3S1qkBXKvN1uTJPlyvyden8KvUa1MX5ri0+DhA8PDy80D3r4/vCHCBEUdgnin+jF37ymEqKMvXm5bW6WlWgE4cStXt7rHZvj9WeHYtvaO/Oxdq7c4n27lyiPTsWa/vm+cpMi9HE8d00ZmQnHT+UoLLiLJVeyFRJUaZKizJ19kSqur/yU+e7tvg4QPDw8PBC96yP7wtzgBBFac9GfqTSoky9eXmdzpxIUd7qqTp+KFEnDifq5JEknTqapNNHk3X6aLLOHEvRmeOpOnsiVedOpr3f6aPJSogbofX5M3XsYIKO7I/XwT1xOrgnTls3zlOXTu2c79ni4wDBw8PDC92zPr4vzAFCFKW98HxrvbZhnopOrVRh7gzt3r5YP7+6Xm9eXtvM1ulnV9bp6IEVysmcrA0FsxS3eJhiF4zS8qUxWrwoRivilzjfs8XHAYKHh4cXumd9fF+YA4QoStt39Jjmzp2h2TNj1LdPZ2VnTNSbl9c1+QfPL1fkacv6uVqbN0OXzq+64b9drcrX6aPJOrgnTjFjuys9LUn79+9WenqavtF3uO7pPUYmfrNM2X8437lFxgGCh4eHF7pnfXxfmAOEKJo6K5kuknlAMp+W2j//ns6WvKO169YpI3WirtUU3lBddaEKc6brS//l8+9//3/qU59UzNiuqqsu0NWqAtVVF6iuuv7t588erLNnz+ixEZNk7rnnxp8b339c5sJv3X8OWlocIHh4eHihe9bH94U5QIiipSLJfFUy5iPdL81adlipSTGqLFmj6tJcVZXmqKokR69vi9X993+iyZ8D82b3V9mFbJVeyFZpUZZKzmdqxtQBWrZs6c1/dvQY6f7z0NLiAMHDw8ML3bM+vi/MAUIULQ1U4+Ojoa9989eaPWOwdm5dpD07luj1rbHavmWhnnrioZv+HPjsZz+j9JTxSksep5SEMYpfOkJTJg3Tj3/845v/7Lj/UzKXfu/+c9GS4gDBw8PDC92zPr4vzAFCFC19Szc9QIyRhkxZqucH99HzA3vq2WED1G70UH3mcw/c8mfB96bN0Q+XJumhhEx9Jz5TrdYd0AP//Ru3/vlx5JfuPxctKQ4QPDw8vNA96+P7whwgRNHS3+uWB4g51cT7PPL0zX8OfOKTMsX/3vh92nS4+fs88AWZ8nfdfy5aUhwgeHh4eKF71sf3hTlAiKKlV3Xz4+O7N3mfBTk3/znQYUDT77OhuP44aep9pqW4/zy0tDhA8PDw8EL3rI/vC3OAEEVL59X0H0L/lGQ23OL9Ogxo/DPg24/InPpfN3+f+M31z3Zcf/t775MZMpNnP+5GHCB4eHh4oXvWx/eFOUCIoqnTkukumb9W/eHxmGR2NOP90vfUHyIv9pGZnipT8oc//T5n/1Um9XWZZetlDvzc/e4tNQ4QPDw8vNA9Y4wxEYvFNBSKN9RwgBARhVPzD5C3Ans8wsPDw4sWL2IsY74vzAFCRBRyHCB4eHh4oXsRY3l8f8qHl2AREYUcL8HCw8PDC92zPr4vzAFCRBRyHCB4eHh4oXvWx/eFOUCIiEKOAwQPDw8vdM/6+L4wBwgRUchxgODh4eGF7lkf3xfmACEiCjkOEDw8PLzQPevj+8IcIEREIccBgoeHhxe6Z318X5gDhIgo5DhA8PDw8EL3rI/vC3OAEBGFHAcIHh4eXuie9fF9YQ4QIqKQ4wDBw8PDC92zPr4vzAFCRBRyHCB4eHh4oXvWx/eFOUCIiEKOAwQPDw8vdM/6+L4wBwgRUchxgODh4eGF7lkf3xfmACEiCjkOEDw8PLzQPevj+8IcIEREIccBgoeHhxe6Z318X5gDhIgo5DhA8PDw8EL3rI/vC3OAEBGFHAcIHh4eXuie9fF9YQ4QIqKQ4wDBw8PDC92zPr4vzAFCRBRyHCB4eHh4oXvGGGMiFotpKBRvqOEAISIKp+YfIG8F9niEh4eHFy1exFjGfF+YA4SIKOQ4QPDw8PBC9yLG8vj+lA8vwSIiCjlegoWHh4cXumd9fF+YA4SIKOQ4QPDw8PBC96yP7wtzgBARhRwHCB4eHl7onvXxfWEOECKikOMAwcPDwwvdsz6+L8wBQkQUchwgeHh4eKF71sf3hTlAiIhCjgMEDw8PL3TP+vi+MAcIEVHIcYDg4eHhhe5ZH98X5gAhIgo5DhA8PDy80D3r4/vCHCBERCHHAYKHh4cXumd9fF+YA4SIKOQ4QPDw8PBC96yP7wtzgBARhRwHCB4eHl7onvXxfWEOECKikOMAwcPDwwvdsz6+L8wBQkQUchwgeHh4eKF71sf3hTlAiIhCjgMEDw8PL3TP+vi+MAcIEVHIcYDg4eHhhe5ZH98X5gAhIgo5DhA8PDy80D3r4/vCHCBERCHHAYKHh4cXumd9fF+YA4SIKOQ4QPDw8PBC94wxxkQsFtNQKN5QwwFCRBROzT9A3grs8QgPDw8vWryIsYz5vjAHCBFRyHGA4OHh4YXuRYzl8f0pH16CRUQUcrwECw8PDy90z/r4vjAHCBFRyHGA4OHh4YXuWR/fF+YAISIKOQ4QPDw8vNA96+P7whwgREQhxwGCh4eHF7pnfXxfmAOEiCjkOEDw8PDwQvesj+8Lc4AQEYUcBwgeHh5e6J718X1hDhAiopDjAMHDw8ML3bM+vi/MAUJEFHIcIHh4eHihe9bH94U5QIiIQo4DBA8PDy90z/r4vjAHCBFRyHGA4OHh4YXuWR/fF+YAISIKOQ4QPDw8vNA96+P7whwgREQhxwGCh4eHF7pnfXxfmAOEiCjkOEDw8PDwQvesj+8Lc4AQEYUcBwgeHh5e6J718X1hDhAiopDjAMHDw8ML3bM+vi/MAUJEFHIcIHh4eHihe9bH94U5QIiIQo4DBA8PDy90z/r4vjAHCBFRyHGA4OHh4YXuGWOMiVgspqFQvKGGA4SIKJyaf4C8FdjjER4eHl60eBFjGfN9YQ4QIqKQ4wDBw8PDC92LGMvj+1M+vASLiCjkeAkWHh4eXuie9fF9YQ4QIqKQ4wDBw8PDC92zPr4vzAFCRBRyHCB4eHh4oXvWx/eFOUCIiEKOAwQPDw8vdM/6+L4wBwgRUchxgODh4eGF7lkf3xfmACEiCjkOEDw8PLzQPevj+8IcIEREIccBgoeHhxe6Z318X5gDhIgo5DhA8PDw8EL3rI/vC3OAEBGFHAcIHh4eXuie9fF9YQ4QIqKQ4wDBw8PDC92zPr4vzAFCRBRyHCB4eHh4oXvWx/eFOUCIiEKOAwQPDw8vdM/6+L4wBwgRUchxgODh4eGF7lkf3xfmACEiCjkOEDw8PLzQPevj+8IcIEREIccBgoeHhxe6Z318X5gDhIgo5DhA8PDw8EL3rI/vC3OAEBGFHAcIHh4eXuie9fF9YQ4QIqKQ4wDBw8PDC90zxhgTsVhMQ6F4Qw0HCBFRODX/AHkrsMcjPDw8vGjxIsYy5vvCHCBERCHHAYKHh4cXuhcxlsf3p3x4CRYRUcjxEiw8PDy80D3r4/vCHCBERCHHAYKHh4cXumd9fF+YA4SIKOQ4QPDw8PBC96yP7wtzgBARhRwHCB4eHl7onvXxfWEOECKikOMAwcPDwwvdsz6+L8wBQkQUchwgeHh4eKF71sf3hTlAiIhCjgMEDw8PL3TP+vi+MAcIEVHIcYDg4eHhhe5ZH98X5gAhIgo5DhA8PDy80D3r4/vCHCBERCHHAYKHh4cXumd9fF+YA4SIKOQ4QPDw8PBC96yP7wvf2QFCREShxQGCh4eH56dnfXxfmAOEiCg64gDBw8PD89OzPr4vzAFCRBQd/cKE9XiEh4eHFy2e9fF9YQ4QIqLo6F9NWI9HeHh4eNHiWR/fF/6o18q4f5AkIiL7/c6E9XiEh4eHFy2e9fF94Y96XzfuHySJiMh+vzZhPR7h4eHhRYtnfXxfuCnvHeP+gZKIiOxWbcJ7PMLDw8OLBs8YY0zEYjENheQdNu4fKImIyF7vGWOSTHiPR3h4eHjR4EWMZcz3hZvynjXG/JNx/4BJRER22mrCfDzCw8PDiwYvYiyP70/53MpLMsa8ber/nzPXD55ERHR7vWOM+R/GmOdN/YT8eISHh4fXkj3r4/vCeHh4eHh4eHh4eHjuPOvj+8J4eHh4eHh4eHh4eO486+P7wnh4eHh4eHh4eHh47jzr4/vCeHh4eHh4eHh4eHjuPOvj+8J4eHh4eHh4eHh4eO486+P7wnh4eHh4eHh4eHh47jzr4/vCeHh4eHh4eHh4eHjuPOvj+8J4eHh4eHh4eHh4eO486+P7wnh4eHh4nwGigwAADLJJREFUeHh4eHh47jzr4/vCeHh4eHh4eHh4eHjuPOvj+8J4eHh4eHh4eHh4eO486+P7wnh4eHh4eHh4eHh47jzr4/vCeHh4eHh4eHh4eHjuPOvj+8J4eHh4eHh4eHh4eO486+P7wnh4eHh4eHh4eHh47jzr4/vCeHh4eHh4eHh4eHjuPOvj+8J4eHh4eHh4eHh4eO48Y4wxEYvFNISHh4eHh4eHh4eHh9dUVjHfF8bDw8PDw8PDw8PDc+dFjOXx/SkfPDw8PDw8PDw8PDx3nvXxfWE8PDw8PDw8PDw8PHee9fF9YTw8PDw8PDw8PDw8d5718X1hPDw8PDw8PDw8PDx3nvXxfWE8PDw8PDw8PDw8PHee9fF9YTw8PDw8PDw8PDw8d5718X1hPDw8PDw8PDw8PDx3nvXxfWE8PDw8PDw8PDw8PHee9fF9YTw8PDw8PDw8PDw8d5718X1hPDw8PDw8PDw8PDx3nvXxfWE8PDw8PDw8PDw8PHee9fF9YTw8PDw8PDw8PDw8d5718X1hPDw8PDw8PDw8PDx3nvXxfWE8PDw8PDw8PDw8PHee9fF9YTw8PDw8PDw8PDw8d5718X1hPDw8PDw8PDw8PDx3nvXxfWE8PDw8PDw8PDw8PHee9fF9YTw8PDw8PDw8PDw8d54xxpiIxWIawsPDw8PDw8PDw8PDayqrmO8L4+Hh4eHh4eHh4eG58yLG8vj+lA8eHh4eHh4eHh4enjvP+vi+MB4eHh4eHh4eHh6eO8/6+L4wHh4eHh4eHh4eHp47z/r4vjAeHh4eHh4eHh4enjvP+vi+MB4eHh4eHh4eHh6eO8/6+L4wHh4eHh4eHh4eHp47z/r4vjAeHh4eHh4eHh4enjvP+vi+MB4eHh4eHh4eHh6eO8/6+L4wHh4eHh4eHh4eHp47z/r4vjAeHh4eHh4eHh4enjvP+vi+MB4eHh4eHh4eHh6eO8/6+L4wHh4eHh4eHh4eHp47z/r4vjAeHh4eHh4eHh4enjvP+vi+MB4eHh4eHh4eHh6eO8/6+L4wHh4eHh4eHh4eHp47z/r4vjAeHh4eHh4eHh4enjvP+vi+MB4eHh4eHh4eHh6eO8/6+L4wHh4eHh4eHh4eHp47zxhjTMRiMQ3h4eHh4eHh4eHh4eE1lVXM94Xx8PDw8PDw8PDw8Nx5EWN5fH/KBw8PDw8PDw8PDw/PnWd9fF8YDw8PDw8PDw8PD8+dZ318XxgPDw8PDw8PDw8Pz51nfXxfGA8PDw8PDw8PDw/PnWd9fF8YDw8PDw8PDw8PD8+dZ318XxgPDw8PDw8PDw8Pz51nfXxfGA8PDw8PDw8PDw/PnWd9fF8YDw8PDw8PDw8PD8+dZ318XxgPDw8PDw8PDw8Pz51nfXxfGA8PDw8PDw8PDw/PnWd9fF8YDw8PDw8PDw8PD8+dZ318XxgPDw8PDw8PDw8Pz51nfXxfGA8PDw8PDw8PDw/PnWd9fF8YDw8PDw8PDw8PD8+dZ318XxgPDw8PDw8PDw8Pz51nfXxfGA8PDw8PDw8PDw/PnWd9fF8YDw8PDw8PDw8PD8+dZ318XxgPDw8PDw8PDw8Pz51njDEmYrGYhvDw8PDw8PDw8PDw8JrKKub7wnh4eHh4eHh4eHh47ryIsTy+P+WDh4eHh4eHh4eHh+fOsz6+L4yHh4eHh4eHh4eH586zPr4vjIeHh4eHh4eHh4fnzrM+vi+Mh4eHh4eHh4eHh+fOsz6+L4yHh4eHh4eHh4eH586zPr4vjIeHh4eHh4eHh4fnzrM+vi+Mh4eHh4eHh4eHh+fOsz6+L4yHh4eHh4eHh4eH586zPr4vjIeHh4eHh4eHh4fnzrM+vi+Mh4eHh4eHh4eHh+fOsz6+L4yHh4eHh4eHh4eH586zPr4vjIeHh4eHh4eHh4fnzrM+vi+Mh4eHh4eHh4eHh+fOsz6+L4yHh4eHh4eHh4eH586zPr4vjIeHh4eHh4eHh4fnzrM+vi+Mh4eHh4eHh4eHh+fOsz6+L4yHh4eHh4eHh4eH586zPr4vjIeHh4eHh4eHh4fnzjPGGBOxWExDeHh4eHh4eHh4eHh4TWUV831hPDw8PDw8PDw8PDx3XsRYHt+f8sHDw8PDw8PDw8PDc+dZH98XxsPDw8PDw8PDw8Nz51kf3xfGw8PDw8PDw8PDw3PnWR/fF8bDw8PDw8PDw8PDc+dZH98XxsPDw8PDw8PDw8Nz51kf3xfGw8PDw8PDw8PDw3PnWR/fF8bDw8PDw8PDw8PDc+dZH98XxsPDw8PDw8PDw8Nz51kf3xfGw8PDw8PDw8PDw3PnWR/fF8bDw8PDw8PDw8PDc+dZH98XxsPDw8PDw8PDw8Nz51kf3xfGw8PDw8PDw8PDw3PnWR/fF8bDw8PDw8PDw8PDc+dZH98XxsPDw8PDw8PDw8Nz51kf3xfGw8PDw8PDw8PDw3PnWR/fF8bDw8PDw8PDw8PDc+dZH98XxsPDw8PDw8PDw8Nz51kf3xfGw8PDw8PDw8PDw3PnGWOMiVgspiE8PDw8PDw8PDw8PLymsor5vjAeHh4eHh4eHh4enjsvYiyP70/54OHh4eHh4eHh4eG586yP7wvj4eHh4eHh4eHh4bnzrI/vC+Ph4eHh4eHh4eHhufOsj+8L4+Hh4eHh4eHh4eG586yP7wvj4eHh4eHh4eHh4bnzrI/vC+Ph4eHh4eHh4eHhufOsj+8L4+Hh4eHh4eHh4eG586yP7wvj4eHh4eHh4eHh4bnzrI/vC+Ph4eHh4eHh4eHhufOsj+8L4+Hh4eHh4eHh4eG586yP7wvj4eHh4eHh4eHh4bnzrI/vC+Ph4eHh4eHh4eHhufOsj+8L4+Hh4eHh4eHh4eG586yP7wvj4eHh4eHh4eHh4bnzrI/vC+Ph4eHh4eHh4eHhufOsj+8L4+Hh4eHh4eHh4eG586yP7wvj4eHh4eHh4eHh4bnzrI/vC+Ph4eHh4eHh4eHhufOMMcZELBbTEB4eHh4eHh4eHh4eXlNZxXxfGA8PDw8PDw8PDw/PnRcxlsf3p3zw8PDw8PDw8PDw8Nx51sf3hfHw8PDw8PDw8PDw3HnWx/eF8fDw8PDw8PDw8PDcedbH94Xx8PDw8PDw8PDw8Nx51sf3hfHw8PDw8PDw8PDw3HnWx/eF8fDw8PDw8PDw8PDcedbH94Xx8PDw8PDw8PDw8Nx51sf3hfHw8PDw8PDw8PDw3HnWx/eF8fDw8PDw8PDw8PDcedbH94Xx8PDw8PDw8PDw8Nx51sf3hfHw8PDw8PDw8PDw3HnWx/eF8fDw8PDw8PDw8PDcedbH94Xx8PDw8PDw8PDw8Nx51sf3hfHw8PDw8PDw8PDw3HnWx/eF8fDw8PDw8PDw8PDcedbH94Xx8PDw8PDw8PDw8Nx51sf3hfHw8PDw8PDw8PDw3HnWx/eF8fDw8PDw8PDw8PDcecYYYyIWi2kIDw8PDw8PDw8PDw+vqaxivi+Mh4eHh4eHh4eHh+fOixjL4/tTPnh4eHh4eHh4eHh47jzr4/vCeHh4eHh4eHh4eHjuPOvj+8J4eHh4eHh4eHh4eO486+P7wnh4eHh4eHh4eHh47jzr4/vCeHh4eHh4eHh4eHjuPOvj+8J4eHh4eHh4eHh4eO486+P7wnh4eHh4eHh4eHh47jzr4/vCeHh4eHh4eHh4eHjuPOvj+8J4eHh4eHh4eHh4eO486+P7wnh4eHh4eHh4eHh47jzr4/vCeHh4eHh4eHh4eHjuPOvj+8J4eHh4eHh4eHh4eO486+P7wnh4eHh4eHh4/7c9O7SBIIBhIJjirqDrHz15eNCSDWal0JGMw+Pxel689cE8Ho/H4/F4PB6v58VbH8zj8Xg8Ho/H4/F6Xrz1wTwej8fj8Xg8Hq/nxVsfzOPxeDwej8fj8XpevPXBPB6Px+PxeDwer+fd3d0TvPd/PB6Px+PxeDwej/d1UWx9MI/H4/F4PB6Px+t5z4Vbf/nweDwej8fj8Xi8nhdvfTCPx+PxeDwej8frefHWB/N4PB6Px+PxeLyeF299MI/H4/F4PB6Px+t58dYH83g8Ho/H4/F4vJ4Xb30wj8fj8Xg8Ho/H63nx1gfzeDwej8fj8Xi8nhdvfTCPx+PxeDwej8frefHWB/N4PB6Px+PxeLyeF299MI/H4/F4PB6Px+t58dYH83g8Ho/H4/F4vJ4Xb30wj8fj8Xg8Ho/H63nx1gfzeDwej8fj8Xi8nhdvfTCPx+PxeDwej8frefHWB/N4PB6Px+PxeLyeF299MI/H4/F4PB6Px+t58dYH83g8Ho/H4/F4vJ4Xb30wj8fj8Xg8Ho/H63nx1gfzeDwej8fj8Xi8nnc/1Iom9/tkWpEAAAAASUVORK5CYII=',NULL,'{"points":[{"x":68.83331298828125,"y":140},{"x":434.83331298828125,"y":140},{"x":434.83331298828125,"y":397},{"x":68.83331298828125,"y":397}],"walls":[{"doors":[],"windows":[],"points":[0,1]},{"doors":[],"windows":[],"points":[1,2]},{"doors":[],"windows":[],"points":[2,3]},{"doors":[],"windows":[],"points":[3,0]}],"rooms":[{"corner_indexs":[0,1,2,3],"wall_indexs":[0,1,2,3]}],"furnitures":[{"position":{"x":211.33331298828125,"y":178.5},"width":99,"height":43,"rotation":0,"rotateDeg":0,"element_id":"option-model-7"},{"position":{"x":314.83331298828125,"y":240},"width":80,"height":26,"rotation":1.5471166273005104,"rotateDeg":88.6432531588336,"element_id":"option-model-7"}]}');
CREATE TABLE management_modeldata (
    "id" INTEGER PRIMARY KEY NOT NULL,
    "name" VARCHAR(30) NOT NULL,
    "type_id" INTEGER NOT NULL,
    "model_url" VARCHAR(100) NOT NULL,
    "image_url" VARCHAR(100) NOT NULL,
    "icon_url" VARCHAR(100) NOT NULL,
    "scale_x" REAL NOT NULL,
    "scale_y" REAL NOT NULL,
    "scale_z" REAL NOT NULL,
    "x" REAL NOT NULL,
    "y" REAL NOT NULL,
    "z" REAL NOT NULL,
    "rotation_x" REAL NOT NULL,
    "rotation_y" REAL NOT NULL,
    "rotation_z" REAL NOT NULL,
    "baseY" REAL,
    "height" REAL,
    "baseX" REAL,
    "baseZ" REAL
);
INSERT INTO "management_modeldata" VALUES(4,'desk',3,'models/office_desk.dae','images/untitled.png','icons/untitled.png',1.0,1.0,1.0,6.553,2.934,6.559,1.57,0.0,0.0,NULL,NULL,NULL,NULL);
INSERT INTO "management_modeldata" VALUES(6,'tv',5,'models/tv_edited_1.dae','images/tv.jpg','icons/tv_1.png',1.0,1.0,1.0,4.0,2.625,2.94,-1.57,0.0,0.0,0.0,4.0,NULL,NULL);
INSERT INTO "management_modeldata" VALUES(7,'sofa_001',5,'models/sofa001.dae','images/sofa_img_2.jpg','icons/sofa3_2.png',1.0,1.0,1.0,3.08,0.889,0.952,-1.57,0.0,0.0,0.0,4.0,NULL,NULL);
INSERT INTO "management_modeldata" VALUES(8,'dinning tables & chairs',5,'models/dining_room.dae','images/dining_room.png','icons/dining_room.png',1.0,1.0,1.0,1.69,2.53,1.05,-1.57,0.0,0.0,4.8,7.0,NULL,NULL);
INSERT INTO "management_modeldata" VALUES(9,'bed',6,'models/bed002.dae','images/bed002.png','icons/bed1_1.png',1.0,1.0,1.0,1.53,3.6,1.37,-1.57,0.0,0.0,0.0,5.2,NULL,NULL);
INSERT INTO "management_modeldata" VALUES(10,'sidetable',5,'models/blenderess_sidetable_1.dae','images/sidetable_1.jpg','icons/sidetable_1.jpg',1.0,1.0,1.0,2.38,2.22,3.31,-1.57,0.0,0.0,0.0,5.0,NULL,NULL);
INSERT INTO "management_modeldata" VALUES(11,'bathtub',4,'models/bathtub_1.dae','images/bathtubpng_1.png','icons/bathtubpng_1.png',1.0,1.0,1.0,1.5,0.71,0.56,-1.57,0.0,0.0,0.0,4.0,NULL,NULL);
INSERT INTO "management_modeldata" VALUES(12,'pool001',4,'models/pool.dae','images/pool001.png','icons/pool001.png',1.0,1.0,1.0,2.86,5.26,5.0,-1.57,0.0,0.0,0.0,5.0,NULL,NULL);
INSERT INTO "management_modeldata" VALUES(13,'matong',4,'models/matong.dae','images/matong.png','icons/matong.png',1.0,1.0,1.0,2.78,4.76,3.77,-1.57,0.0,0.0,0.3,3.7,NULL,NULL);
INSERT INTO "management_modeldata" VALUES(14,'livingroom-set',5,'models/livingroom_drobe.dae','images/livingroom-set.png','icons/livingroom-set.png',1.0,1.0,1.0,2.86,0.57,1.82,-1.57,0.0,0.0,0.0,12.0,NULL,NULL);
CREATE INDEX "auth_permission_37ef4eb4" ON "auth_permission" ("content_type_id");
CREATE INDEX "auth_group_permissions_5f412f9a" ON "auth_group_permissions" ("group_id");
CREATE INDEX "auth_group_permissions_83d7f98b" ON "auth_group_permissions" ("permission_id");
CREATE INDEX "auth_user_groups_6340c63c" ON "auth_user_groups" ("user_id");
CREATE INDEX "auth_user_groups_5f412f9a" ON "auth_user_groups" ("group_id");
CREATE INDEX "auth_user_user_permissions_6340c63c" ON "auth_user_user_permissions" ("user_id");
CREATE INDEX "auth_user_user_permissions_83d7f98b" ON "auth_user_user_permissions" ("permission_id");
CREATE INDEX "django_session_b7b81f0c" ON "django_session" ("expire_date");
CREATE INDEX "django_comments_37ef4eb4" ON "django_comments" ("content_type_id");
CREATE INDEX "django_comments_99732b5c" ON "django_comments" ("site_id");
CREATE INDEX "django_comments_6340c63c" ON "django_comments" ("user_id");
CREATE INDEX "django_comment_flags_6340c63c" ON "django_comment_flags" ("user_id");
CREATE INDEX "django_comment_flags_3925f323" ON "django_comment_flags" ("comment_id");
CREATE INDEX "django_comment_flags_9f00eb17" ON "django_comment_flags" ("flag");
CREATE INDEX "django_admin_log_6340c63c" ON "django_admin_log" ("user_id");
CREATE INDEX "django_admin_log_37ef4eb4" ON "django_admin_log" ("content_type_id");
CREATE INDEX "message_msg_6340c63c" ON "message_msg" ("user_id");
CREATE INDEX "scene_scenedata_e969df21" ON "scene_scenedata" ("author_id");
COMMIT;
